transformer_id,anomaly_intensity_component,persistence_component,recency_component,specific_baseline_component,trend_component,condition_indicator
TX-I,0.9230769230769231,1.0,0.9997685453082895,0.5384615384615384,0.9969674178400365,90.72
TX-M,1.0,1.0,1.0,0.15384615384615385,0.5393811388913328,80.4
TX-J,0.8461538461538461,1.0,0.9995371441878533,1.0,0.0,80.38
TX-L,0.6923076923076923,1.0,0.08564127499331099,0.9230769230769231,0.4264902319988857,62.73
TX-F,0.7692307692307693,1.0,0.04112197867598495,0.38461538461538464,0.5058804590260307,57.26
TX-D,0.3076923076923077,1.0,0.24063959662174544,0.7692307692307693,0.5707251584060898,54.14
TX-C,0.23076923076923078,1.0,0.24063959662174544,0.8461538461538461,0.5103109140033764,52.08
TX-A,0.6153846153846154,0.8799999999999999,0.021522401843715153,0.07692307692307693,0.8709237604462914,50.71
TX-H,0.38461538461538464,1.0,0.0,0.6153846153846154,0.5270437400647618,48.67
TX-E,0.5,1.0,0.0,0.2692307692307692,0.49019794576193865,46.39
TX-G,0.5,1.0,0.0,0.2692307692307692,0.49019794576193865,46.39
TX-B,0.15384615384615385,1.0,0.0,0.6923076923076923,0.48592526645666184,42.29
TX-K,0.07692307692307693,1.0,0.0,0.46153846153846156,0.5109132458569099,36.89
