transformer_id,observations,coverage_days,missing_rate,mean_missing_gases,median_gap_hours,large_gap_rate,confidence
TX-I,5754,709.6666666666666,0.0,0.0,1.0,0.0006951685783802572,High confidence
TX-M,5545,617.0145833333333,0.0,0.0,3.0,0.00018034265103697024,High confidence
TX-J,21390,1826.4583333333333,0.40271154745208043,0.40271154745208043,2.0,0.0003272557269752221,Limited confidence
TX-L,14501,1495.670138888889,0.0,0.0,2.0,0.0005516860906144403,High confidence
TX-F,18288,1826.2916666666667,0.0,0.0,1.0,0.00010936132983377078,High confidence
TX-D,9075,1833.3333333333333,0.0,0.0,4.0,0.0009917355371900827,High confidence
TX-C,7936,1758.5319444444444,0.0,0.0,4.0,0.0011340725806451614,High confidence
TX-A,3021,335.98055555555555,0.0,0.0,1.0,0.00033101621979476995,Moderate confidence
TX-H,23788,1826.125,0.0,0.0,1.0,4.203800235412813e-05,High confidence
TX-E,23934,1826.2083333333333,0.0,0.0,1.0,0.00020890782986546336,High confidence
TX-G,23934,1826.2083333333333,0.0,0.0,1.0,0.00020890782986546336,High confidence
TX-B,17540,1588.25,0.0,0.0,1.0,0.00022805017103762827,High confidence
TX-K,28508,1745.5833333333333,0.0,0.0,1.0,3.507787287778869e-05,High confidence
