transformer_id,condition_indicator,condition_band,review_priority,priority_rank,confidence,recent_anomaly_count,max_consecutive_anomalies,reason_codes,engineering_review_suggestion
TX-I,90.72,HIGH REVIEW,P1 — High Review Priority,1,High confidence,760,47,Strong DGA deviation: carbon monoxide change; Persistent or repeated anomaly behaviour; Recent anomaly activity,"Review recent DGA history, compare with the transformer-specific baseline, verify sampling continuity, and consider qualified engineering inspection."
TX-M,80.4,HIGH REVIEW,P1 — High Review Priority,1,High confidence,795,128,Strong DGA deviation: ethane concentration; Persistent or repeated anomaly behaviour; Recent anomaly activity,"Review recent DGA history, compare with the transformer-specific baseline, verify sampling continuity, and consider qualified engineering inspection."
TX-J,80.38,HIGH REVIEW,P2 — Review,2,Limited confidence,453,38,Strong DGA deviation: hydrogen change; Persistent or repeated anomaly behaviour; Recent anomaly activity; Transformer-specific baseline deviation; Data-quality or sampling limitation,Review the recent DGA trend and transformer-specific history; verify data quality before changing inspection cadence.
TX-L,62.73,REVIEW,P2 — Review,2,High confidence,7,7,Strong DGA deviation: oxygen variability; Persistent or repeated anomaly behaviour; Recent anomaly activity; Transformer-specific baseline deviation,Review the recent DGA trend and transformer-specific history; verify data quality before changing inspection cadence.
TX-F,57.26,REVIEW,P2 — Review,2,High confidence,4,435,Strong DGA deviation: ethane variability; Persistent or repeated anomaly behaviour; Recent anomaly activity,Review the recent DGA trend and transformer-specific history; verify data quality before changing inspection cadence.
TX-D,54.14,REVIEW,P2 — Review,2,High confidence,9,11,Strong DGA deviation: oxygen change; Persistent or repeated anomaly behaviour; Recent anomaly activity; Transformer-specific baseline deviation,Review the recent DGA trend and transformer-specific history; verify data quality before changing inspection cadence.
TX-C,52.08,REVIEW,P2 — Review,2,High confidence,9,5,Strong DGA deviation: oxygen variability; Persistent or repeated anomaly behaviour; Recent anomaly activity; Transformer-specific baseline deviation,Review the recent DGA trend and transformer-specific history; verify data quality before changing inspection cadence.
TX-A,50.71,REVIEW,P2 — Review,2,Moderate confidence,3,3,Strong DGA deviation: carbon dioxide concentration; Persistent or repeated anomaly behaviour; Recent anomaly activity,Review the recent DGA trend and transformer-specific history; verify data quality before changing inspection cadence.
TX-H,48.67,MONITOR,P3 — Monitor,3,High confidence,0,5,Strong DGA deviation: ethane concentration; Persistent or repeated anomaly behaviour,"Continue monitoring, review repeated deviations, and confirm that sampling continuity supports interpretation."
TX-E,46.39,MONITOR,P3 — Monitor,3,High confidence,0,26,Strong DGA deviation: hydrogen concentration; Persistent or repeated anomaly behaviour,"Continue monitoring, review repeated deviations, and confirm that sampling continuity supports interpretation."
TX-G,46.39,MONITOR,P3 — Monitor,3,High confidence,0,26,Strong DGA deviation: hydrogen concentration; Persistent or repeated anomaly behaviour,"Continue monitoring, review repeated deviations, and confirm that sampling continuity supports interpretation."
TX-B,42.29,MONITOR,P3 — Monitor,3,High confidence,0,7,Strong DGA deviation: oxygen concentration; Persistent or repeated anomaly behaviour,"Continue monitoring, review repeated deviations, and confirm that sampling continuity supports interpretation."
TX-K,36.89,MONITOR,P3 — Monitor,3,High confidence,0,101,Strong DGA deviation: water variability; Persistent or repeated anomaly behaviour,"Continue monitoring, review repeated deviations, and confirm that sampling continuity supports interpretation."
