transformer_id,month,observations,anomaly_count,anomaly_rate,mean_anomaly_score,p95_anomaly_score,mean_specific_baseline
TX-A,2014-08-01,217,3,0.013824884792626729,0.09499053600049878,0.13491312246085835,5.138475987834973
TX-A,2014-09-01,270,0,0.0,0.09527660334600557,0.1952241139123628,5.126074269505377
TX-A,2014-10-01,279,0,0.0,0.06198704324311289,0.08990882494294154,3.94374477639163
TX-A,2014-11-01,270,0,0.0,0.05612304313352401,0.08331028210445462,3.8042007404432105
TX-A,2014-12-01,279,0,0.0,0.053771303655494845,0.07159882612679827,3.5473963207853556
TX-A,2015-01-01,279,0,0.0,0.05677929446984523,0.07901665060850276,3.835876648622685
TX-A,2015-02-01,252,0,0.0,0.06385338148290784,0.08612668647077966,4.771211414155327
TX-A,2015-03-01,279,2,0.007168458781362007,0.11792784608363042,0.17396582106732317,4.343361558610395
TX-A,2015-04-01,270,1,0.003703703703703704,0.15813001238252586,0.19862314917023133,3.966407356999681
TX-A,2015-05-01,279,0,0.0,0.15383577271415735,0.1886877030658923,3.648766875206287
TX-A,2015-06-01,270,0,0.0,0.16096461664494152,0.19903291160237133,3.6393257650545223
TX-A,2015-07-01,77,0,0.0,0.16069218957961595,0.1926676796679766,3.6552782249745577
TX-B,2011-01-01,382,0,0.0,0.03744226272618332,0.04632800176015178,1.8460083917028598
TX-B,2011-02-01,504,0,0.0,0.03656753075226388,0.045391292914628414,1.79950508280802
TX-B,2011-03-01,557,0,0.0,0.03909120674762728,0.04857346289666539,1.6662222477965012
TX-B,2011-04-01,540,0,0.0,0.03963775341898604,0.048867202666319165,1.6978593919928635
TX-B,2011-05-01,558,0,0.0,0.03804547951072009,0.0485974820800756,2.015382363232565
TX-B,2011-06-01,503,0,0.0,0.03802844004053294,0.047843199573520616,2.201027867794188
TX-B,2011-07-01,372,0,0.0,0.03884312805041151,0.0491509756345233,2.140605690200876
TX-B,2011-08-01,372,0,0.0,0.038721185632984295,0.049683176465235415,2.036373844105464
TX-B,2011-09-01,360,0,0.0,0.038557521732668444,0.04820818464799326,1.861982513218638
TX-B,2011-10-01,372,0,0.0,0.039404427380263694,0.0483831969432528,1.8289035192494176
TX-B,2011-11-01,360,0,0.0,0.04071799477254337,0.04942872027670377,1.7888474433838357
TX-B,2011-12-01,371,0,0.0,0.04316155043041243,0.05358958387549465,1.9049327460977499
TX-B,2012-01-01,372,0,0.0,0.043381039559766986,0.052453262812651946,1.7678417896950334
TX-B,2012-02-01,348,0,0.0,0.04713304132481743,0.05535814027605674,1.726272817534997
TX-B,2012-03-01,377,156,0.41379310344827586,0.243016455281392,0.46272623253811623,24.08763611464317
TX-B,2012-04-01,305,129,0.42295081967213116,0.23759091890598732,0.44655894472492413,24.083693174094606
TX-B,2012-05-01,372,18,0.04838709677419355,0.09693371463791252,0.119461495664068,9.146319868038141
TX-B,2012-06-01,360,0,0.0,0.0761886026675705,0.08952642067576361,6.533372044415363
TX-B,2012-07-01,372,0,0.0,0.07005266126322278,0.08416948792270679,5.5817184127532276
TX-B,2012-08-01,372,0,0.0,0.07148903479147589,0.08862460406089083,4.878052939752002
TX-B,2012-09-01,360,0,0.0,0.0683837581600681,0.08393623109837217,4.7308816242010225
TX-B,2012-10-01,373,0,0.0,0.06988292306049972,0.08504272939780118,5.046882038574787
TX-B,2012-11-01,360,0,0.0,0.06654423688579128,0.08008702345385094,5.0360126553481255
TX-B,2012-12-01,372,0,0.0,0.06514354396508264,0.077152031870776,4.840768981182024
TX-B,2013-01-01,371,0,0.0,0.06355128805715965,0.07605173595593931,4.715975723898125
TX-B,2013-02-01,336,0,0.0,0.06463301175587402,0.07623387441977329,4.69403056839229
TX-B,2013-03-01,288,0,0.0,0.07028877613772744,0.0878120906956419,4.736383480808033
TX-B,2013-04-01,270,0,0.0,0.07228092297657508,0.09364209335624338,4.9363774209025895
TX-B,2013-05-01,279,0,0.0,0.07187778178546526,0.09155522017352517,4.942699814675109
TX-B,2013-06-01,267,0,0.0,0.05677209877404396,0.07252474959032175,13.584425399606797
TX-B,2013-07-01,279,0,0.0,0.05800888897498355,0.07219554129064971,17.5523625319452
TX-B,2013-08-01,279,0,0.0,0.04423400728500152,0.059843056496853106,10.504175574548157
TX-B,2013-09-01,270,0,0.0,0.047476244523925654,0.06099096201428967,17.73188874884098
TX-B,2013-10-01,276,0,0.0,0.048776745244447944,0.06007466988770618,15.199435462405301
TX-B,2013-11-01,270,0,0.0,0.045648655083324025,0.05823195815009916,13.319540112070337
TX-B,2013-12-01,281,0,0.0,0.04287973043314055,0.0538656299978581,8.869031026818602
TX-B,2014-01-01,279,0,0.0,0.0431253922299344,0.05378718714151796,9.360614347164194
TX-B,2014-02-01,252,0,0.0,0.044531786363344046,0.05717944712414375,17.24240077967615
TX-B,2014-03-01,279,0,0.0,0.04201257877723547,0.052263120268266516,9.480300057529657
TX-B,2014-04-01,230,0,0.0,0.04312021560845861,0.05345656245405251,11.136076208514368
TX-B,2014-05-01,279,0,0.0,0.045317386556602446,0.06050576616349523,12.361549654172281
TX-B,2014-06-01,270,0,0.0,0.04355179011996679,0.056886186189301816,10.80544468558909
TX-B,2014-07-01,279,0,0.0,0.04483543881553309,0.05684145632446021,8.575137744108844
TX-B,2014-08-01,279,0,0.0,0.044944948842700776,0.05560692442250306,8.59668427163171
TX-B,2014-09-01,270,0,0.0,0.04580942008777946,0.05803146118090907,8.614635278289791
TX-B,2014-10-01,280,0,0.0,0.04394156419288983,0.05281337231077015,8.65256972812288
TX-B,2014-11-01,270,0,0.0,0.04360408644319493,0.04952286745008096,8.751412559043368
TX-B,2014-12-01,279,0,0.0,0.04350621284225933,0.05342582053013017,8.63324180979721
TX-B,2015-01-01,279,0,0.0,0.042102044226022095,0.04913684816532229,8.607194375060486
TX-B,2015-02-01,252,0,0.0,0.04201902604585302,0.04952064562405348,8.532026147750848
TX-B,2015-03-01,278,0,0.0,0.04154146056394663,0.04854563208096627,8.527310822936208
TX-B,2015-04-01,270,0,0.0,0.042704926462333086,0.05344781576876556,8.57607366878053
TX-B,2015-05-01,155,0,0.0,0.04436280598750178,0.056078022056960365,8.496939066215058
TX-C,2010-09-01,98,0,0.0,0.05775436882242042,0.07550572345817216,9.215772742552863
TX-C,2010-10-01,186,0,0.0,0.050693337977317926,0.057514678482035606,1.8283908374204578
TX-C,2010-11-01,180,0,0.0,0.04948102392579263,0.05720829077513555,1.972913569812994
TX-C,2010-12-01,186,0,0.0,0.048730518769602486,0.05600137259647055,1.8968619682896075
TX-C,2011-01-01,186,0,0.0,0.04787895977263969,0.052586151619460654,1.7778546552188996
TX-C,2011-02-01,168,0,0.0,0.04613232493982019,0.051947453450009146,1.728792538582059
TX-C,2011-03-01,186,0,0.0,0.043283987120754985,0.0529382672022419,2.1449982540274393
TX-C,2011-04-01,180,0,0.0,0.04277314833338707,0.053860734985504734,2.576574938684522
TX-C,2011-05-01,192,0,0.0,0.04366614536868777,0.05370926290831719,2.7730122809171216
TX-C,2011-06-01,129,0,0.0,0.04736055062644473,0.059444457072027355,3.5775867323519113
TX-C,2011-07-01,64,2,0.03125,0.12915093963528398,0.181570543514855,12.398148446295476
TX-C,2011-08-01,186,0,0.0,0.09737718355262845,0.12857821940142383,5.005889510012103
TX-C,2011-09-01,180,0,0.0,0.05626244629590132,0.08929987156687548,2.4604356422149034
TX-C,2011-10-01,186,0,0.0,0.046285055707054316,0.05488940542443362,1.783918224099311
TX-C,2011-11-01,180,0,0.0,0.04269867459333527,0.05130168668055651,1.9995451423196107
TX-C,2011-12-01,186,0,0.0,0.04088217737627817,0.047681951293917425,1.9872687095001693
TX-C,2012-01-01,203,0,0.0,0.04027954521127134,0.04816359554419515,1.8944764127678417
TX-C,2012-02-01,174,0,0.0,0.0417866518004979,0.04804101240804692,1.9388661370727032
TX-C,2012-03-01,186,0,0.0,0.04505666835168469,0.05347336280435608,2.3016015720112817
TX-C,2012-04-01,187,0,0.0,0.04738002456028011,0.054996321580002915,2.7325375580449283
TX-C,2012-05-01,186,0,0.0,0.0498610444792508,0.0597058289644243,3.322550847532499
TX-C,2012-06-01,183,0,0.0,0.0524468862342499,0.06035371595533649,3.222452657579231
TX-C,2012-07-01,186,0,0.0,0.054303967141104005,0.07105526192593292,3.8473177854589933
TX-C,2012-08-01,187,0,0.0,0.06439024939783006,0.07992708045624161,4.752542467406662
TX-C,2012-09-01,180,0,0.0,0.06532903106383903,0.09044931173641474,4.43748507635345
TX-C,2012-10-01,186,0,0.0,0.06018574764828841,0.07164568369782515,3.559588849984826
TX-C,2012-11-01,180,0,0.0,0.05958782045881168,0.07287648509922262,4.446678628370457
TX-C,2012-12-01,209,0,0.0,0.07583913638345667,0.11654642870986213,4.131532276839661
TX-C,2013-01-01,215,5,0.023255813953488372,0.07180103554867562,0.11695572258382311,7.101247095067339
TX-C,2013-02-01,168,0,0.0,0.04397734971778415,0.05205591738870901,2.3605401730843996
TX-C,2013-03-01,104,0,0.0,0.06555906408542128,0.08216427616516836,2.4559280450035144
TX-C,2013-04-01,91,0,0.0,0.08385134557119878,0.09960909730780271,19.02798589141949
TX-C,2013-05-01,94,3,0.031914893617021274,0.10831257272620064,0.13016031828211258,36.51934276600354
TX-C,2013-06-01,90,0,0.0,0.0963106207475488,0.12620454480397286,26.030185634068303
TX-C,2013-07-01,95,3,0.031578947368421054,0.11740806473414553,0.13425334487541418,38.86026065379507
TX-C,2013-08-01,93,0,0.0,0.12011925834514904,0.14014192969800543,25.685693710048348
TX-C,2013-09-01,91,3,0.03296703296703297,0.13654599191245065,0.1389746897782092,40.27076022561266
TX-C,2013-10-01,96,6,0.0625,0.16051531499799684,0.5954810708789188,54.74186136452861
TX-C,2013-11-01,90,0,0.0,0.11012539859217746,0.12697463686617447,26.71316187714489
TX-C,2013-12-01,95,0,0.0,0.11951921699275325,0.14815501091706432,28.9043235668554
TX-C,2014-01-01,94,3,0.031914893617021274,0.1326023599771007,0.13184772181782894,43.02726289578487
TX-C,2014-02-01,84,0,0.0,0.10348437574381153,0.11876518545205832,26.793491306623153
TX-C,2014-03-01,93,0,0.0,0.10378626720524595,0.11903596431773904,27.63253002594991
TX-C,2014-04-01,91,3,0.03296703296703297,0.12530973681596833,0.12741314199230863,47.318974858530154
TX-C,2014-05-01,93,0,0.0,0.10635885330568184,0.1276416106528098,28.68824271023647
TX-C,2014-06-01,90,0,0.0,0.10662585966633466,0.12639823561564492,28.07959851826342
TX-C,2014-07-01,94,3,0.031914893617021274,0.1270657880182842,0.14070699006718887,47.777908933610675
TX-C,2014-08-01,94,3,0.031914893617021274,0.1270958657337529,0.12784009044768876,48.55523076752305
TX-C,2014-09-01,23,1,0.043478260869565216,0.13815316318766455,0.1268253122037035,56.478700529715475
TX-C,2014-10-01,118,4,0.03389830508474576,0.13038401913741837,0.1984233032061268,26.535645122875156
TX-C,2014-11-01,90,0,0.0,0.11038331936690783,0.13441498404284183,21.030022683917245
TX-C,2014-12-01,156,0,0.0,0.09335174389602227,0.1130191221050947,22.251435105283715
TX-C,2015-01-01,93,0,0.0,0.10619428654845206,0.1162263300923271,24.55025466382112
TX-C,2015-02-01,87,5,0.05747126436781609,0.13172719406366898,0.27034705751627636,43.3666065822418
TX-C,2015-03-01,94,0,0.0,0.11216780130872263,0.12103576555229244,29.319559601543357
TX-C,2015-04-01,90,0,0.0,0.11103839312340823,0.1247623261764401,28.543684838636825
TX-C,2015-05-01,95,4,0.042105263157894736,0.13425594918112818,0.12563010946543537,52.700538852346426
TX-C,2015-06-01,90,0,0.0,0.11127149085668092,0.1192692129341592,28.083593897901164
TX-C,2015-07-01,25,0,0.0,0.1100736982739069,0.11510112520537127,28.540429110493452
TX-D,2010-07-01,721,70,0.0970873786407767,0.20318747596978498,0.8394202402762785,56.398860366585104
TX-D,2010-08-01,374,27,0.07219251336898395,0.14274764169458917,0.6966676633425819,37.248340207889505
TX-D,2010-09-01,185,0,0.0,0.08439288888075581,0.10218046122949122,2.8763896227299703
TX-D,2010-10-01,187,0,0.0,0.08046545990343626,0.09556536368747473,3.6005348853347763
TX-D,2010-11-01,180,0,0.0,0.09529523796838593,0.15086108464739975,12.93433720153718
TX-D,2010-12-01,186,0,0.0,0.08472865340020663,0.11013545909443723,8.359118477479555
TX-D,2011-01-01,186,0,0.0,0.07321437908283443,0.09878694451394128,4.160967823864174
TX-D,2011-02-01,168,0,0.0,0.06815285135869617,0.07784530748115931,2.598273675342276
TX-D,2011-03-01,185,0,0.0,0.06876448128914966,0.08164928287896885,2.752827871097555
TX-D,2011-04-01,180,0,0.0,0.06886806931306626,0.08142702542471884,2.816564253821966
TX-D,2011-05-01,187,0,0.0,0.06926106605448484,0.07873520616721112,2.8783380281200657
TX-D,2011-06-01,180,1,0.005555555555555556,0.07600793097610538,0.1017297590348866,6.764620225027228
TX-D,2011-07-01,186,0,0.0,0.07291209827632489,0.08428195812230885,3.2251440681518897
TX-D,2011-08-01,187,0,0.0,0.07465924974839312,0.08954696169672542,3.3346241970107378
TX-D,2011-09-01,180,0,0.0,0.07476355624081743,0.09043263618430213,3.148625032909197
TX-D,2011-10-01,186,0,0.0,0.07797783434078172,0.0950426263628879,3.295359318592845
TX-D,2011-11-01,181,8,0.04419889502762431,0.10343225210113731,0.1211048451974848,11.772521256144717
TX-D,2011-12-01,186,0,0.0,0.0852819560705372,0.101934596360761,2.739612810871862
TX-D,2012-01-01,76,9,0.11842105263157894,0.13174608907634022,0.3530806224319303,14.311120854000473
TX-D,2012-02-01,186,2,0.010752688172043012,0.12094452917743181,0.13408096461377994,9.109472963029361
TX-D,2012-03-01,179,2,0.0111731843575419,0.08684738196271626,0.14520988014206385,10.38620047422676
TX-D,2012-04-01,180,0,0.0,0.052836672524516695,0.06095451391841201,3.6760923750064105
TX-D,2012-05-01,186,0,0.0,0.0561078841622524,0.06555256438814164,3.2771219057688983
TX-D,2012-06-01,180,0,0.0,0.062365849499496966,0.07354203704541507,3.047484974054401
TX-D,2012-07-01,186,0,0.0,0.07180015143115187,0.09182961022328855,3.182780561613265
TX-D,2012-08-01,186,0,0.0,0.07639052812138024,0.0948356326571833,3.5585462866578217
TX-D,2012-09-01,180,0,0.0,0.08584275270037792,0.10501131934854928,3.919669728209963
TX-D,2012-10-01,186,0,0.0,0.08205163125604537,0.0986709415215404,2.9770159752293477
TX-D,2012-11-01,180,0,0.0,0.08641574768495813,0.10502346238619077,2.643322182542422
TX-D,2012-12-01,186,0,0.0,0.09215422444125008,0.12054217341134775,3.1461400724816806
TX-D,2013-01-01,186,0,0.0,0.09606103931805714,0.1344477734391472,3.596275417444849
TX-D,2013-02-01,9,0,0.0,0.09429860311178712,0.10779413696317978,4.168828658823556
TX-D,2013-03-01,12,2,0.16666666666666666,0.17384200670475025,0.5900565617178816,63.224164839510564
TX-D,2013-04-01,129,7,0.05426356589147287,0.10923547519380929,0.29245431617321566,55.097116181929906
TX-D,2013-05-01,149,3,0.020134228187919462,0.08529337803474968,0.10700268321566027,9.765350440005662
TX-D,2013-06-01,116,0,0.0,0.08888245792461055,0.12928349946064904,5.906711708753085
TX-D,2013-07-01,94,3,0.031914893617021274,0.11168807712537779,0.10925389489784124,13.655602246721307
TX-D,2013-08-01,93,0,0.0,0.10050370788385875,0.12493546482114219,5.035609846526775
TX-D,2013-09-01,91,3,0.03296703296703297,0.12142914219193514,0.1407625747388064,15.11463745693312
TX-D,2013-10-01,98,10,0.10204081632653061,0.18407303357706728,0.7906516330135097,38.59356885340882
TX-D,2013-11-01,92,4,0.043478260869565216,0.14950585013837683,0.15887332438685547,20.725848900832137
TX-D,2013-12-01,89,0,0.0,0.1294448599768306,0.15790190420675584,6.097447473951449
TX-D,2014-01-01,94,3,0.031914893617021274,0.13778922343657962,0.15368091682368354,15.77366526795498
TX-D,2014-02-01,84,0,0.0,0.11400058500150456,0.1457630773771398,3.941666713223013
TX-D,2014-03-01,93,0,0.0,0.12037843010498758,0.16861834286062521,4.272158885926183
TX-D,2014-04-01,91,3,0.03296703296703297,0.12915920468250983,0.17811346615886903,18.79081391869244
TX-D,2014-05-01,93,0,0.0,0.09057873570480132,0.11057527683576442,3.491887082546567
TX-D,2014-06-01,90,0,0.0,0.09138725240065619,0.10464943423227546,3.6774338328078273
TX-D,2014-07-01,94,0,0.0,0.10092496347302744,0.13501955586013306,7.225527406960865
TX-D,2014-08-01,97,5,0.05154639175257732,0.13338376771020719,0.18543644484203162,22.439564084984646
TX-D,2014-09-01,90,0,0.0,0.10217307335310997,0.11958286860252211,5.236809313554224
TX-D,2014-10-01,95,4,0.042105263157894736,0.12578697883670892,0.13954787898962276,23.58077439909411
TX-D,2014-11-01,212,3,0.014150943396226415,0.09183324310581834,0.10751889379154786,10.229918251664811
TX-D,2014-12-01,93,0,0.0,0.08720119551321907,0.09642380824021876,4.104372182108204
TX-D,2015-01-01,93,0,0.0,0.08228526746731259,0.09554131033799862,3.8993054815719366
TX-D,2015-02-01,86,4,0.046511627906976744,0.10483479728928034,0.09021724497368105,22.265908585859904
TX-D,2015-03-01,96,2,0.020833333333333332,0.11724272739478586,0.1475047037585467,13.621949058882647
TX-D,2015-04-01,90,0,0.0,0.11856243810659214,0.13108451505824856,6.758079150345503
TX-D,2015-05-01,94,3,0.031914893617021274,0.1408138574126909,0.14048575830477153,26.764921361400074
TX-D,2015-06-01,90,0,0.0,0.11082597686293562,0.1261511965101522,5.449262867978774
TX-D,2015-07-01,26,0,0.0,0.10963027642878719,0.12217565937237243,4.874814654827948
TX-E,2010-07-01,276,0,0.0,0.13751636262535585,0.1778919915603548,3.6853653802555844
TX-E,2010-08-01,371,0,0.0,0.14072457949624181,0.1874926939656959,3.7161006630739206
TX-E,2010-09-01,360,0,0.0,0.13596057980618023,0.18874593785063398,3.689548990150094
TX-E,2010-10-01,373,0,0.0,0.13476777327471323,0.18271678083453938,3.8414693707935896
TX-E,2010-11-01,360,0,0.0,0.1394713540225472,0.19219251630623405,3.948647882071537
TX-E,2010-12-01,373,0,0.0,0.15093226434876852,0.19672450524786828,4.064761423138018
TX-E,2011-01-01,372,0,0.0,0.15503312715383288,0.20209638763089818,4.183148148964199
TX-E,2011-02-01,336,0,0.0,0.14343383476643626,0.20426133719711836,4.243803536939093
TX-E,2011-03-01,371,0,0.0,0.11592701797710037,0.14811128763909254,4.195824998160623
TX-E,2011-04-01,513,0,0.0,0.10544907369314423,0.14752722996832113,4.1658052639224685
TX-E,2011-05-01,558,0,0.0,0.1039062020585687,0.14852617156720985,3.905471336612409
TX-E,2011-06-01,540,0,0.0,0.10800532301152531,0.15758423025365756,3.691928536069389
TX-E,2011-07-01,516,0,0.0,0.11999102955815974,0.17550388292621769,3.575667363066241
TX-E,2011-08-01,558,30,0.053763440860215055,0.10078547121699266,0.2920784019125552,3.8103437427329623
TX-E,2011-09-01,540,0,0.0,0.04988086158145303,0.06504518023229172,2.615646746301195
TX-E,2011-10-01,557,0,0.0,0.06032131693471614,0.08369019817695497,1.7458102104236093
TX-E,2011-11-01,540,0,0.0,0.06905160777656942,0.09222517794118806,1.5164757774603492
TX-E,2011-12-01,558,1,0.0017921146953405018,0.07477797827031199,0.09991952750266896,1.561586215370513
TX-E,2012-01-01,558,0,0.0,0.08513068558253804,0.11249046668003419,1.6004443866569253
TX-E,2012-02-01,522,0,0.0,0.08852239367526525,0.11443244406461028,1.6162518595312991
TX-E,2012-03-01,557,0,0.0,0.09055210758885776,0.11795776729709807,1.6406166930089459
TX-E,2012-04-01,540,0,0.0,0.0961745080036513,0.12641069557215145,1.7294734043189994
TX-E,2012-05-01,558,0,0.0,0.11243024205421727,0.14546817667910503,1.8264212258666728
TX-E,2012-06-01,544,0,0.0,0.14299686636532885,0.19210619094121975,2.0288978195706204
TX-E,2012-07-01,558,1,0.0017921146953405018,0.1257994787685562,0.15763681811605992,2.064037326324389
TX-E,2012-08-01,558,0,0.0,0.10899646868570309,0.13615529153100872,1.8361849721412495
TX-E,2012-09-01,540,0,0.0,0.10954758005338355,0.13953591938018967,1.8621711406234727
TX-E,2012-10-01,559,0,0.0,0.10283214420250124,0.12912264818847974,1.8687905600346684
TX-E,2012-11-01,540,0,0.0,0.10218832371816398,0.1311109125425974,2.2858224202988495
TX-E,2012-12-01,558,0,0.0,0.10232476693003292,0.1331551051327536,2.89977854735649
TX-E,2013-01-01,558,0,0.0,0.10579547566430812,0.1408991832012998,3.3578213174924767
TX-E,2013-02-01,504,61,0.12103174603174603,0.17990162271749216,0.4828260198815155,4.6474161232175355
TX-E,2013-03-01,312,9,0.028846153846153848,0.1725484073617901,0.19257938815176442,5.752363411748829
TX-E,2013-04-01,279,5,0.017921146953405017,0.16411298843622793,0.22599973668440487,5.382821077265656
TX-E,2013-05-01,279,0,0.0,0.11209982133733916,0.15835776437865282,3.4833392539811214
TX-E,2013-06-01,271,0,0.0,0.12185200508742107,0.15555783374725454,2.2844901729558025
TX-E,2013-07-01,279,0,0.0,0.1295081627636144,0.14262517948248293,2.3235111587976593
TX-E,2013-08-01,279,0,0.0,0.12350520114468715,0.16041818573959415,1.6641000113808058
TX-E,2013-09-01,270,0,0.0,0.10758080587656688,0.1286736822436089,1.7371265140322154
TX-E,2013-10-01,279,0,0.0,0.10542519419134445,0.12719981480686005,2.062551434128171
TX-E,2013-11-01,270,0,0.0,0.10679497518234539,0.13086120177697685,2.7704448292521042
TX-E,2013-12-01,279,0,0.0,0.10437531415918791,0.1292332979257885,3.3369533207494837
TX-E,2014-01-01,282,3,0.010638297872340425,0.11038848350193693,0.1437950858182598,3.582983803440423
TX-E,2014-02-01,252,0,0.0,0.10682678482029745,0.14427441493671506,3.417715590447176
TX-E,2014-03-01,279,0,0.0,0.1119597460862539,0.1442828545300672,3.211892903209994
TX-E,2014-04-01,270,0,0.0,0.10637114251051484,0.13722763370643168,3.884992367066375
TX-E,2014-05-01,279,0,0.0,0.10744077996866173,0.14491626205349675,3.518452538551087
TX-E,2014-06-01,270,0,0.0,0.09802121085501637,0.13679716104592,2.0600553579094645
TX-E,2014-07-01,279,0,0.0,0.10345843920056089,0.14352406697561013,1.7988728379035077
TX-E,2014-08-01,22,1,0.045454545454545456,0.14735460149631419,0.1486606807022958,2.427296026454675
TX-E,2014-09-01,175,1,0.005714285714285714,0.11753713954061158,0.1306789115702972,6.235784147954235
TX-E,2014-10-01,382,1,0.002617801047120419,0.105726253615198,0.11741490869598183,6.261349023597564
TX-E,2014-11-01,720,0,0.0,0.09411699703654275,0.10604627040043955,6.071592151716274
TX-E,2014-12-01,496,1,0.0020161290322580645,0.09131122595266651,0.10434334087082962,6.532186127495036
TX-E,2015-01-01,279,0,0.0,0.09361261190746628,0.10224462904425,7.272282867162457
TX-E,2015-02-01,252,0,0.0,0.09443853982649472,0.10254723243403101,8.370327180651103
TX-E,2015-03-01,278,0,0.0,0.09438871186028358,0.10250786273235697,9.546280460135947
TX-E,2015-04-01,270,0,0.0,0.09645157746654434,0.10756488568380286,10.700557769900547
TX-E,2015-05-01,280,0,0.0,0.10001183460058151,0.11918625840262718,11.760419359318933
TX-E,2015-06-01,270,0,0.0,0.10224083878366723,0.12020656458727765,12.43509125742942
TX-E,2015-07-01,76,0,0.0,0.10878653255681553,0.12436398179274717,13.139446612845175
TX-F,2010-07-01,276,0,0.0,0.06647093615599384,0.11157563454370184,2.0327575137665823
TX-F,2010-08-01,372,0,0.0,0.0646525316658359,0.10434304962946897,1.9788862253850255
TX-F,2010-09-01,360,0,0.0,0.0598762029186387,0.09040246566443656,1.916875332125173
TX-F,2010-10-01,373,0,0.0,0.05953164300903527,0.09629553274065154,1.886545521568777
TX-F,2010-11-01,360,0,0.0,0.05027257974308429,0.08238455152035452,1.713422344442572
TX-F,2010-12-01,372,2,0.005376344086021506,0.04799687677742034,0.06716580646610397,1.7095765339964129
TX-F,2011-01-01,372,0,0.0,0.057923758655196445,0.08767385853477856,1.9850389892955058
TX-F,2011-02-01,371,0,0.0,0.06587486799092465,0.0952384972225199,2.6763924534228996
TX-F,2011-03-01,371,0,0.0,0.07428658945031952,0.10709072423989885,3.1035630355342576
TX-F,2011-04-01,361,0,0.0,0.09697169923878302,0.1392984590638454,3.689016581803919
TX-F,2011-05-01,372,4,0.010752688172043012,0.10660290287812627,0.148667849143617,3.9245841136072173
TX-F,2011-06-01,360,58,0.16111111111111112,0.19763128298766194,0.5492207575514787,6.352611881650786
TX-F,2011-07-01,406,143,0.3522167487684729,0.2598003167013028,0.3358823435541203,8.906640266884722
TX-F,2011-08-01,372,50,0.13440860215053763,0.2352594761710894,0.29322629561402425,5.513396238494842
TX-F,2011-09-01,360,8,0.022222222222222223,0.22709133654636043,0.28153332910321893,5.763123937859963
TX-F,2011-10-01,384,147,0.3828125,0.26730926209716127,0.3157869967254479,8.085987361999093
TX-F,2011-11-01,198,119,0.601010101010101,0.29002042635639463,0.34654009752719955,8.165435598678181
TX-F,2012-02-01,273,273,1.0,0.7349315216293186,0.8869995619736541,48.87112259975411
TX-F,2012-03-01,371,308,0.8301886792452831,0.417870910057943,0.6464239830367139,19.528390122452922
TX-F,2012-04-01,361,35,0.09695290858725762,0.2098877027021537,0.2961730754024196,7.379687941701733
TX-F,2012-05-01,372,2,0.005376344086021506,0.1758596914858915,0.24014668500392924,6.2834677951665325
TX-F,2012-06-01,360,0,0.0,0.15255621293024,0.2141465703357548,6.197307716910229
TX-F,2012-07-01,378,0,0.0,0.14307394002384488,0.2055908923736623,6.295307854387672
TX-F,2012-08-01,373,5,0.013404825737265416,0.14820922066005876,0.21498444135698397,6.579280298628327
TX-F,2012-09-01,362,65,0.17955801104972377,0.19003775494890332,0.7406253178237473,7.57165532552343
TX-F,2012-10-01,212,0,0.0,0.10854041594954895,0.156941285261056,5.920498400961704
TX-F,2012-11-01,114,1,0.008771929824561403,0.0993105593661192,0.12123318166211483,4.786232519089583
TX-F,2012-12-01,372,0,0.0,0.08597936304534527,0.10863570658583593,4.044767180246958
TX-F,2013-01-01,372,0,0.0,0.07600941648152469,0.10682042033806369,2.848767898568305
TX-F,2013-02-01,336,0,0.0,0.07614643450574192,0.10658008646139087,2.333298609894151
TX-F,2013-03-01,290,0,0.0,0.08381691440521574,0.11049560153613265,2.023458775428434
TX-F,2013-04-01,270,0,0.0,0.09100682256050895,0.12215757595540647,1.8276963652719758
TX-F,2013-05-01,279,0,0.0,0.0998405465134488,0.1267448062090709,1.6269252559045984
TX-F,2013-06-01,270,0,0.0,0.09987493340757744,0.13068193996993469,1.4105584552770556
TX-F,2013-07-01,279,0,0.0,0.10015130731082562,0.12932775908986388,1.3653662917357376
TX-F,2013-08-01,279,0,0.0,0.09888649854779183,0.13991068716249577,1.3558424652208982
TX-F,2013-09-01,270,0,0.0,0.1008454003177192,0.1460663071571656,1.3142794655068144
TX-F,2013-10-01,279,0,0.0,0.10172884129545405,0.13611503329568297,1.282708306093042
TX-F,2013-11-01,270,0,0.0,0.10203185017038269,0.13532685694117563,1.300119620226663
TX-F,2013-12-01,279,0,0.0,0.10708156715934646,0.14250891291487525,1.2844968562209966
TX-F,2014-01-01,279,0,0.0,0.11955702075544797,0.1574218326476423,1.3997168944799987
TX-F,2014-02-01,252,0,0.0,0.12296205529603992,0.15177856557027217,1.4280286544932081
TX-F,2014-03-01,279,0,0.0,0.12540180373118104,0.16561575992694103,1.4478943200193115
TX-F,2014-04-01,270,0,0.0,0.13008160739894398,0.16920117457363346,1.4362371757334107
TX-F,2014-05-01,279,0,0.0,0.14141042291303046,0.18565650345873835,1.5291268220305496
TX-F,2014-06-01,269,3,0.011152416356877323,0.16277207933740112,0.21516904306694817,1.75092905929524
TX-F,2014-07-01,279,0,0.0,0.17010054245729206,0.23163646412170147,1.8138527475638528
TX-F,2014-08-01,279,1,0.0035842293906810036,0.17141969266683982,0.23613892302798495,1.962223668906577
TX-F,2014-09-01,270,0,0.0,0.17879540646893155,0.23827400890524633,2.101111232564549
TX-F,2014-10-01,279,0,0.0,0.17911224330393052,0.2332617310163367,2.1869101934418644
TX-F,2014-11-01,270,0,0.0,0.17071217739945616,0.22416336080107052,2.150194808547284
TX-F,2014-12-01,279,0,0.0,0.1639688004820202,0.21782288660471882,2.0522872509034102
TX-F,2015-01-01,279,0,0.0,0.16554973780947516,0.21942273403745288,2.0216894686495364
TX-F,2015-02-01,252,0,0.0,0.16513157559160868,0.216211876664354,2.0078352918736586
TX-F,2015-03-01,278,0,0.0,0.1739240684226649,0.2290931290806824,2.105562768983991
TX-F,2015-04-01,270,0,0.0,0.17686467854258758,0.23300611564315746,2.1964854373805065
TX-F,2015-05-01,519,0,0.0,0.17089710418361273,0.21761149925151418,2.2083291400026233
TX-F,2015-06-01,270,3,0.011111111111111112,0.18496559182771086,0.24028139597669085,2.364170415028731
TX-F,2015-07-01,75,1,0.013333333333333334,0.18924999895852485,0.23403338668861398,2.3521020481077595
TX-G,2010-07-01,276,0,0.0,0.13751636262535585,0.1778919915603548,3.6853653802555844
TX-G,2010-08-01,371,0,0.0,0.14072457949624181,0.1874926939656959,3.7161006630739206
TX-G,2010-09-01,360,0,0.0,0.13596057980618023,0.18874593785063398,3.689548990150094
TX-G,2010-10-01,373,0,0.0,0.13476777327471323,0.18271678083453938,3.8414693707935896
TX-G,2010-11-01,360,0,0.0,0.1394713540225472,0.19219251630623405,3.948647882071537
TX-G,2010-12-01,373,0,0.0,0.15093226434876852,0.19672450524786828,4.064761423138018
TX-G,2011-01-01,372,0,0.0,0.15503312715383288,0.20209638763089818,4.183148148964199
TX-G,2011-02-01,336,0,0.0,0.14343383476643626,0.20426133719711836,4.243803536939093
TX-G,2011-03-01,371,0,0.0,0.11592701797710037,0.14811128763909254,4.195824998160623
TX-G,2011-04-01,513,0,0.0,0.10544907369314423,0.14752722996832113,4.1658052639224685
TX-G,2011-05-01,558,0,0.0,0.1039062020585687,0.14852617156720985,3.905471336612409
TX-G,2011-06-01,540,0,0.0,0.10800532301152531,0.15758423025365756,3.691928536069389
TX-G,2011-07-01,516,0,0.0,0.11999102955815974,0.17550388292621769,3.575667363066241
TX-G,2011-08-01,558,30,0.053763440860215055,0.10078547121699266,0.2920784019125552,3.8103437427329623
TX-G,2011-09-01,540,0,0.0,0.04988086158145303,0.06504518023229172,2.615646746301195
TX-G,2011-10-01,557,0,0.0,0.06032131693471614,0.08369019817695497,1.7458102104236093
TX-G,2011-11-01,540,0,0.0,0.06905160777656942,0.09222517794118806,1.5164757774603492
TX-G,2011-12-01,558,1,0.0017921146953405018,0.07477797827031199,0.09991952750266896,1.561586215370513
TX-G,2012-01-01,558,0,0.0,0.08513068558253804,0.11249046668003419,1.6004443866569253
TX-G,2012-02-01,522,0,0.0,0.08852239367526525,0.11443244406461028,1.6162518595312991
TX-G,2012-03-01,557,0,0.0,0.09055210758885776,0.11795776729709807,1.6406166930089459
TX-G,2012-04-01,540,0,0.0,0.0961745080036513,0.12641069557215145,1.7294734043189994
TX-G,2012-05-01,558,0,0.0,0.11243024205421727,0.14546817667910503,1.8264212258666728
TX-G,2012-06-01,544,0,0.0,0.14299686636532885,0.19210619094121975,2.0288978195706204
TX-G,2012-07-01,558,1,0.0017921146953405018,0.1257994787685562,0.15763681811605992,2.064037326324389
TX-G,2012-08-01,558,0,0.0,0.10899646868570309,0.13615529153100872,1.8361849721412495
TX-G,2012-09-01,540,0,0.0,0.10954758005338355,0.13953591938018967,1.8621711406234727
TX-G,2012-10-01,559,0,0.0,0.10283214420250124,0.12912264818847974,1.8687905600346684
TX-G,2012-11-01,540,0,0.0,0.10218832371816398,0.1311109125425974,2.2858224202988495
TX-G,2012-12-01,558,0,0.0,0.10232476693003292,0.1331551051327536,2.89977854735649
TX-G,2013-01-01,558,0,0.0,0.10579547566430812,0.1408991832012998,3.3578213174924767
TX-G,2013-02-01,504,61,0.12103174603174603,0.17990162271749216,0.4828260198815155,4.6474161232175355
TX-G,2013-03-01,312,9,0.028846153846153848,0.1725484073617901,0.19257938815176442,5.752363411748829
TX-G,2013-04-01,279,5,0.017921146953405017,0.16411298843622793,0.22599973668440487,5.382821077265656
TX-G,2013-05-01,279,0,0.0,0.11209982133733916,0.15835776437865282,3.4833392539811214
TX-G,2013-06-01,271,0,0.0,0.12185200508742107,0.15555783374725454,2.2844901729558025
TX-G,2013-07-01,279,0,0.0,0.1295081627636144,0.14262517948248293,2.3235111587976593
TX-G,2013-08-01,279,0,0.0,0.12350520114468715,0.16041818573959415,1.6641000113808058
TX-G,2013-09-01,270,0,0.0,0.10758080587656688,0.1286736822436089,1.7371265140322154
TX-G,2013-10-01,279,0,0.0,0.10542519419134445,0.12719981480686005,2.062551434128171
TX-G,2013-11-01,270,0,0.0,0.10679497518234539,0.13086120177697685,2.7704448292521042
TX-G,2013-12-01,279,0,0.0,0.10437531415918791,0.1292332979257885,3.3369533207494837
TX-G,2014-01-01,282,3,0.010638297872340425,0.11038848350193693,0.1437950858182598,3.582983803440423
TX-G,2014-02-01,252,0,0.0,0.10682678482029745,0.14427441493671506,3.417715590447176
TX-G,2014-03-01,279,0,0.0,0.1119597460862539,0.1442828545300672,3.211892903209994
TX-G,2014-04-01,270,0,0.0,0.10637114251051484,0.13722763370643168,3.884992367066375
TX-G,2014-05-01,279,0,0.0,0.10744077996866173,0.14491626205349675,3.518452538551087
TX-G,2014-06-01,270,0,0.0,0.09802121085501637,0.13679716104592,2.0600553579094645
TX-G,2014-07-01,279,0,0.0,0.10345843920056089,0.14352406697561013,1.7988728379035077
TX-G,2014-08-01,22,1,0.045454545454545456,0.14735460149631419,0.1486606807022958,2.427296026454675
TX-G,2014-09-01,175,1,0.005714285714285714,0.11753713954061158,0.1306789115702972,6.235784147954235
TX-G,2014-10-01,382,1,0.002617801047120419,0.105726253615198,0.11741490869598183,6.261349023597564
TX-G,2014-11-01,720,0,0.0,0.09411699703654275,0.10604627040043955,6.071592151716274
TX-G,2014-12-01,496,1,0.0020161290322580645,0.09131122595266651,0.10434334087082962,6.532186127495036
TX-G,2015-01-01,279,0,0.0,0.09361261190746628,0.10224462904425,7.272282867162457
TX-G,2015-02-01,252,0,0.0,0.09443853982649472,0.10254723243403101,8.370327180651103
TX-G,2015-03-01,278,0,0.0,0.09438871186028358,0.10250786273235697,9.546280460135947
TX-G,2015-04-01,270,0,0.0,0.09645157746654434,0.10756488568380286,10.700557769900547
TX-G,2015-05-01,280,0,0.0,0.10001183460058151,0.11918625840262718,11.760419359318933
TX-G,2015-06-01,270,0,0.0,0.10224083878366723,0.12020656458727765,12.43509125742942
TX-G,2015-07-01,76,0,0.0,0.10878653255681553,0.12436398179274717,13.139446612845175
TX-H,2010-07-01,276,0,0.0,0.09148022714115356,0.12130553166616198,6.238190112807351
TX-H,2010-08-01,372,0,0.0,0.08709456157439918,0.1133687326763374,6.232986438171009
TX-H,2010-09-01,360,0,0.0,0.08526456755593251,0.11114806025225833,6.160284585642043
TX-H,2010-10-01,372,0,0.0,0.08917179690401587,0.11718400557384756,6.168466199411262
TX-H,2010-11-01,360,0,0.0,0.09611474377393273,0.13079301022041664,6.084084297168436
TX-H,2010-12-01,372,0,0.0,0.09727646659287831,0.130348225488047,6.37853685022601
TX-H,2011-01-01,371,0,0.0,0.09769826810278728,0.1301276494537993,5.780683848794176
TX-H,2011-02-01,337,0,0.0,0.10071218900761345,0.13153290544079527,6.924169899913068
TX-H,2011-03-01,372,0,0.0,0.0992020799452318,0.12828557125963047,9.66248770564764
TX-H,2011-04-01,514,2,0.0038910505836575876,0.07450346477693294,0.10433196467092692,2.5558547024641944
TX-H,2011-05-01,558,0,0.0,0.06506870337864341,0.08884284530352533,1.6778623331922533
TX-H,2011-06-01,545,0,0.0,0.062400175642421105,0.0883400325644099,1.5562908141671628
TX-H,2011-07-01,590,0,0.0,0.06515256876189739,0.09276145578169234,1.5026204539909995
TX-H,2011-08-01,558,0,0.0,0.05887188310898938,0.0724466913989091,1.4700462017356384
TX-H,2011-09-01,540,0,0.0,0.059226399270860736,0.07224312371795555,1.471352467565024
TX-H,2011-10-01,557,0,0.0,0.0640742181665576,0.08133493400789615,1.6114857746788098
TX-H,2011-11-01,540,0,0.0,0.06031851850814985,0.07302528388904518,1.600457540083101
TX-H,2011-12-01,558,0,0.0,0.06908243435710715,0.08843652803534645,1.5307491207640198
TX-H,2012-01-01,558,0,0.0,0.07943507009195813,0.1051059250677742,1.902507636103436
TX-H,2012-02-01,524,0,0.0,0.09016979671122827,0.11664400757213254,1.732316863412636
TX-H,2012-03-01,558,0,0.0,0.08442509457463933,0.10745656170791375,1.824357363044022
TX-H,2012-04-01,540,0,0.0,0.08196447383956867,0.10774048143780934,1.827440994033377
TX-H,2012-05-01,647,7,0.010819165378670788,0.11412596226285747,0.18499415997782304,8.217966407798823
TX-H,2012-06-01,643,48,0.07465007776049767,0.16709907122062273,0.3067405889551758,11.471335668422673
TX-H,2012-07-01,558,80,0.14336917562724014,0.2006665822202394,0.3503498784292604,12.093392593056018
TX-H,2012-08-01,536,48,0.08955223880597014,0.1809640516071689,0.3121269895734236,12.13175096492122
TX-H,2012-09-01,540,2,0.003703703703703704,0.08882276763162045,0.1123288948311074,7.033064602868147
TX-H,2012-10-01,557,0,0.0,0.10456219189669246,0.12329449541153792,20.082593287604535
TX-H,2012-11-01,540,0,0.0,0.08723724934770845,0.13737325482053886,14.409113450760321
TX-H,2012-12-01,558,0,0.0,0.06015134295147356,0.09198107609633069,2.0424696706580363
TX-H,2013-01-01,558,0,0.0,0.05849212657823765,0.0814307012515805,1.5051894970089175
TX-H,2013-02-01,504,0,0.0,0.06044623239023564,0.07990240675851622,5.511190336218823
TX-H,2013-03-01,311,0,0.0,0.07458914873977963,0.08923719949230385,2.36025459392368
TX-H,2013-04-01,270,0,0.0,0.06598169572792564,0.08006285662555147,3.288373941889126
TX-H,2013-05-01,279,0,0.0,0.06672540311950559,0.09082272640599148,1.7632439902700687
TX-H,2013-06-01,270,0,0.0,0.087783234096388,0.12985977722846212,2.407629210450059
TX-H,2013-07-01,279,0,0.0,0.08354168259184236,0.11268743782002953,1.9400501818238818
TX-H,2013-08-01,279,0,0.0,0.08717285867129025,0.11399535553418368,2.2537622944419593
TX-H,2013-09-01,270,0,0.0,0.09191946909878099,0.11917522583823774,2.1231067814012543
TX-H,2013-10-01,279,0,0.0,0.0786890230757555,0.09817498213424758,3.400759874724928
TX-H,2013-11-01,275,0,0.0,0.09105179986697128,0.11043605108429354,2.271880131766224
TX-H,2013-12-01,312,0,0.0,0.1271772433053184,0.20213164626259503,3.6037731668312554
TX-H,2014-01-01,281,0,0.0,0.13871629240499544,0.2048064021615927,3.179114560835862
TX-H,2014-02-01,252,0,0.0,0.09922213047675389,0.1127577008770328,5.769771193151139
TX-H,2014-03-01,279,0,0.0,0.10842056909229321,0.12503570789345222,26.319912113164044
TX-H,2014-04-01,270,0,0.0,0.10966446020423516,0.1279435504948861,28.317980739360987
TX-H,2014-05-01,279,0,0.0,0.09104067587639433,0.11172254891248413,8.561918709528541
TX-H,2014-06-01,270,0,0.0,0.08912252981748475,0.1045474665616568,2.8163534691546843
TX-H,2014-07-01,279,0,0.0,0.09049151811059111,0.10440483290874353,2.73498875405693
TX-H,2014-08-01,279,0,0.0,0.0922819719611977,0.10901422413865451,2.713424293208062
TX-H,2014-09-01,270,0,0.0,0.09510154759635864,0.11371965516050443,2.6812320127606344
TX-H,2014-10-01,279,0,0.0,0.10915944984846156,0.135490620294267,2.657969549722882
TX-H,2014-11-01,270,0,0.0,0.09987676249513686,0.11849854052682354,2.5867199790787714
TX-H,2014-12-01,279,0,0.0,0.09355323566091832,0.11006965992795867,2.7555439130093213
TX-H,2015-01-01,279,0,0.0,0.09465005328689671,0.10969985758661241,2.5129203266816136
TX-H,2015-02-01,252,0,0.0,0.0951609677122949,0.11336887338722144,2.8638407499688388
TX-H,2015-03-01,279,0,0.0,0.0952792174293155,0.11641262409570624,2.797729915924535
TX-H,2015-04-01,270,0,0.0,0.10513666786362094,0.14250602731270576,2.731491129187469
TX-H,2015-05-01,279,0,0.0,0.11971834943208008,0.15809100074729482,2.9335809908844666
TX-H,2015-06-01,270,0,0.0,0.09428663115904452,0.11159118141947189,11.367628534783767
TX-H,2015-07-01,75,0,0.0,0.09624106153582832,0.11356416912212147,17.615628763596504
TX-I,2013-07-01,22,19,0.8636363636363636,0.3883923218946714,0.48476192761892806,18.19371750315855
TX-I,2013-08-01,275,254,0.9236363636363636,0.4016100130837417,0.48300601661389303,18.889453132513268
TX-I,2013-10-01,88,15,0.17045454545454544,0.2705810676551951,0.4117970014108401,6.092505172901905
TX-I,2013-11-01,272,1,0.003676470588235294,0.18024181004848033,0.2442393516795609,3.7115758316533496
TX-I,2013-12-01,279,0,0.0,0.11594250969367409,0.14030263895276782,2.420062163346496
TX-I,2014-01-01,279,0,0.0,0.11791467223806677,0.14349376818107626,1.9696181500507137
TX-I,2014-02-01,252,0,0.0,0.1272141499526063,0.1595511493662306,1.738354039532077
TX-I,2014-03-01,279,0,0.0,0.13424059535650032,0.17122441398722077,1.588276686797246
TX-I,2014-04-01,270,0,0.0,0.15381480580518872,0.19528245341650474,1.6407718483036289
TX-I,2014-05-01,279,0,0.0,0.16586277422783863,0.21423667602825122,2.281396416326862
TX-I,2014-06-01,270,0,0.0,0.1794691459517873,0.2294811899661591,3.2679325967123902
TX-I,2014-07-01,280,0,0.0,0.1824089709961877,0.23686637474283695,3.300645623685025
TX-I,2014-08-01,117,11,0.09401709401709402,0.21059227406595976,0.3307467270685423,3.6130102640191226
TX-I,2014-09-01,260,12,0.046153846153846156,0.20922229614473614,0.277944197744009,1.913232903097406
TX-I,2014-10-01,279,2,0.007168458781362007,0.20265821872724227,0.2654282143921747,1.8535326847492324
TX-I,2014-11-01,270,3,0.011111111111111112,0.20692530438736953,0.2729521183716966,1.931379474251168
TX-I,2014-12-01,279,21,0.07526881720430108,0.21773795291131137,0.2866712685538182,1.9740719890077234
TX-I,2015-01-01,279,84,0.3010752688172043,0.23532997384795087,0.306545304920906,2.0973425057394652
TX-I,2015-02-01,252,93,0.36904761904761907,0.25762793832991987,0.34239256271194674,2.352756837124979
TX-I,2015-03-01,279,141,0.5053763440860215,0.2831263390146279,0.37441334692835637,2.82822704872452
TX-I,2015-04-01,270,112,0.4148148148148148,0.27236820531262346,0.352994311702419,2.982455882953445
TX-I,2015-05-01,279,121,0.4336917562724014,0.27698799970969906,0.36496558300943244,3.6073523357996273
TX-I,2015-06-01,270,179,0.662962962962963,0.3247885190751437,0.4112910105436235,4.83760064350746
TX-I,2015-07-01,75,50,0.6666666666666666,0.3337853206770626,0.405997606221925,5.597274104532517
TX-J,2010-07-01,276,138,0.5,0.23477987533819142,0.34810216470798977,3.6545591096680963
TX-J,2010-08-01,372,180,0.4838709677419355,0.23726289991830887,0.34095381005522973,3.9267608662889253
TX-J,2010-09-01,360,167,0.4638888888888889,0.2316534599071223,0.3320283191442985,3.9242846724985663
TX-J,2010-10-01,373,173,0.46380697050938335,0.2295798551810759,0.3348327803095092,3.8358988379069663
TX-J,2010-11-01,42,22,0.5238095238095238,0.2944047751837695,0.6165231662393409,16.497741692840773
TX-J,2010-12-01,254,80,0.31496062992125984,0.1950630307854338,0.3175477280783375,2.040884944107362
TX-J,2011-01-01,372,0,0.0,0.15672032043595738,0.25895834813769875,1.572683358265822
TX-J,2011-02-01,336,0,0.0,0.14383204702649147,0.24540363803485005,1.39253625105245
TX-J,2011-03-01,372,0,0.0,0.1381039763833212,0.23057243248565137,1.2943740410312121
TX-J,2011-04-01,360,0,0.0,0.13566260150663428,0.23372038813678372,1.3048233714567987
TX-J,2011-05-01,372,0,0.0,0.1316153530602856,0.23110537976031953,1.3601864395939687
TX-J,2011-06-01,360,6,0.016666666666666666,0.13612414221246485,0.23411449744226862,1.4885150050881306
TX-J,2011-07-01,372,0,0.0,0.12946693163264827,0.22472509272375799,1.3919069124718628
TX-J,2011-08-01,372,0,0.0,0.126058368528657,0.2208084028944509,1.3534203312134545
TX-J,2011-09-01,360,0,0.0,0.1268376997081503,0.2288073644880263,1.3339170516122665
TX-J,2011-10-01,372,0,0.0,0.12918041173740527,0.238467518185906,1.3145021990234438
TX-J,2011-11-01,360,0,0.0,0.13030624933383386,0.2426117009165728,1.2911407934838752
TX-J,2011-12-01,372,0,0.0,0.1281734486339181,0.23284485159451396,1.222418712222886
TX-J,2012-01-01,372,1,0.002688172043010753,0.1339640974371099,0.2412766183291392,1.2290123799853019
TX-J,2012-02-01,348,2,0.005747126436781609,0.1398621274552576,0.2518817095062834,1.2861948976674826
TX-J,2012-03-01,66,1,0.015151515151515152,0.14878464392428703,0.2669464348523499,1.3298225323124206
TX-J,2012-04-01,225,113,0.5022222222222222,0.24619811838464914,0.39235631157796774,2.765093738391479
TX-J,2012-05-01,372,187,0.5026881720430108,0.21205566206694143,0.3502807574053741,2.0976325103118385
TX-J,2012-06-01,360,44,0.12222222222222222,0.17049866008675607,0.29686337160885407,1.6503444069362723
TX-J,2012-07-01,372,12,0.03225806451612903,0.15889437931175834,0.27495434051667084,1.6555632386342294
TX-J,2012-08-01,372,14,0.03763440860215054,0.15549967055768185,0.27785323175383947,1.6963708559772928
TX-J,2012-09-01,360,11,0.030555555555555555,0.14985638676882865,0.2727239933326463,1.602827562683213
TX-J,2012-10-01,542,34,0.06273062730627306,0.15860711401035524,0.28684591263331904,1.852170379130057
TX-J,2012-11-01,539,72,0.13358070500927643,0.1638749651531597,0.3006922134965403,1.9461040057696852
TX-J,2012-12-01,558,44,0.07885304659498207,0.1635903137989622,0.30069642585339584,1.978574724963899
TX-J,2013-01-01,558,85,0.15232974910394265,0.1726583513303081,0.30825076529899265,2.195306205257409
TX-J,2013-02-01,504,95,0.1884920634920635,0.17052409096408983,0.30562286281984896,2.0704552744474642
TX-J,2013-03-01,312,86,0.27564102564102566,0.1771637691743989,0.3323441737168279,2.1291944539926813
TX-J,2013-04-01,270,90,0.3333333333333333,0.20382239482330544,0.3549724429917735,2.46651750975544
TX-J,2013-05-01,279,93,0.3333333333333333,0.20462137055050228,0.3325963235333244,2.623543403209585
TX-J,2013-06-01,271,91,0.33579335793357934,0.20206043743541013,0.331756572776301,2.690934886390661
TX-J,2013-07-01,280,96,0.34285714285714286,0.21565244818832616,0.3523747205321814,3.0478833388244415
TX-J,2013-08-01,279,93,0.3333333333333333,0.2215164636420137,0.36569092876744264,3.087535280321217
TX-J,2013-09-01,270,90,0.3333333333333333,0.20775126360861504,0.3447174224734993,2.915144398960718
TX-J,2013-10-01,279,93,0.3333333333333333,0.2109071539093555,0.3455005956615596,3.0175867278804662
TX-J,2013-11-01,270,90,0.3333333333333333,0.2164727864882021,0.35583981720956015,3.0352156001352126
TX-J,2013-12-01,279,93,0.3333333333333333,0.21459362836303714,0.3650334273449693,3.046996170808407
TX-J,2014-01-01,282,94,0.3333333333333333,0.21063313934943576,0.37282571386533675,3.1386861709485823
TX-J,2014-02-01,252,84,0.3333333333333333,0.2193928389211036,0.3476865056213009,3.149461218013841
TX-J,2014-03-01,279,93,0.3333333333333333,0.2242603160412125,0.35259653823175285,3.309159872011609
TX-J,2014-04-01,270,92,0.34074074074074073,0.2515915240817137,0.38495901368442775,3.615672142427095
TX-J,2014-05-01,279,94,0.33691756272401435,0.2748282996290048,0.3859698722925965,3.572284512982802
TX-J,2014-06-01,271,165,0.6088560885608856,0.3297939421375886,0.4348447111292755,4.087559644143059
TX-J,2014-07-01,284,182,0.6408450704225352,0.32953255669411197,0.4221085437251407,4.295642440933483
TX-J,2014-08-01,279,101,0.36200716845878134,0.285542408543665,0.46878206248800885,4.112787820916379
TX-J,2014-09-01,273,146,0.5347985347985348,0.3741218390643507,0.756476683742294,41.46496676868578
TX-J,2014-10-01,96,33,0.34375,0.225726645087491,0.38253943816450436,4.28931109959185
TX-J,2014-11-01,540,176,0.32592592592592595,0.21293752175658753,0.32465238372053956,2.7411979330063145
TX-J,2014-12-01,560,207,0.36964285714285716,0.2691373650446914,0.3791905391369797,3.6429104308678686
TX-J,2015-01-01,549,193,0.35154826958105645,0.26206369336424623,0.3765008604677866,569.4620099018728
TX-J,2015-02-01,503,182,0.36182902584493043,0.2541038579513064,0.3885853986882493,770.8300453135369
TX-J,2015-03-01,558,6,0.010752688172043012,0.178494500265488,0.27014770643296326,249.99323705962217
TX-J,2015-04-01,538,11,0.020446096654275093,0.18430777127324913,0.27750363771942727,263.62400306687624
TX-J,2015-05-01,558,3,0.005376344086021506,0.16874411795199926,0.2626101953199914,272.26713878852735
TX-J,2015-06-01,472,67,0.1419491525423729,0.18623803629307153,0.3496152136156286,337.3406975670586
TX-J,2015-07-01,153,51,0.3333333333333333,0.18864858999498352,0.327027810539908,335.5613852172773
TX-K,2010-09-01,76,0,0.0,0.027253688172498874,0.036690584069337326,4.9997813681569845
TX-K,2010-10-01,744,0,0.0,0.024332529526174932,0.03770088935504616,4.8178187149509135
TX-K,2010-11-01,720,0,0.0,0.022917313987012865,0.033854965325831626,6.216530222476408
TX-K,2010-12-01,744,41,0.05510752688172043,0.09283142980865954,0.2889231964043524,34.36978158057818
TX-K,2011-01-01,750,333,0.444,0.24884567878778938,0.4673816725109524,79.9095033587252
TX-K,2011-02-01,671,0,0.0,0.02616509874926732,0.0433761502444207,6.360431652040497
TX-K,2011-03-01,743,1,0.0013458950201884253,0.01603492576155302,0.02446755101148265,3.1319482481641314
TX-K,2011-04-01,720,0,0.0,0.013443090618880622,0.02285337226531207,2.3244995500555445
TX-K,2011-05-01,744,0,0.0,0.012994899034161903,0.02230817871987676,2.617705409851769
TX-K,2011-06-01,720,2,0.002777777777777778,0.016149163429470058,0.02396287840486817,2.351890917633598
TX-K,2011-07-01,744,2,0.002688172043010753,0.016480393565687885,0.02298146695845217,1.8118273221542114
TX-K,2011-08-01,744,5,0.006720430107526882,0.03220721608171992,0.06286420102651034,3.230649482333594
TX-K,2011-09-01,716,7,0.009776536312849162,0.030244825699524077,0.06374800483012914,2.9325163857397865
TX-K,2011-10-01,744,4,0.005376344086021506,0.016674148673195117,0.026770806985275005,1.6815802706462544
TX-K,2011-11-01,720,0,0.0,0.014701221507701305,0.027468359948004582,1.4827776711835374
TX-K,2011-12-01,744,0,0.0,0.01373595258866155,0.026681172358032912,1.4939184720736298
TX-K,2012-01-01,744,0,0.0,0.012807132819568688,0.024585187724545456,1.369059683748257
TX-K,2012-02-01,696,0,0.0,0.013206917193040398,0.025724974442443798,1.3985004609603835
TX-K,2012-03-01,743,0,0.0,0.014340617623198824,0.0266702181010547,1.4900722837534328
TX-K,2012-04-01,720,0,0.0,0.014483702348100192,0.026183877641294605,1.4633217403766656
TX-K,2012-05-01,744,0,0.0,0.01520965192018823,0.027090123911762576,1.5001957060211788
TX-K,2012-06-01,720,2,0.002777777777777778,0.017622759941654617,0.028096628261333714,1.5650374912871021
TX-K,2012-07-01,744,12,0.016129032258064516,0.027565607794547822,0.03210960794936112,2.1774433960571704
TX-K,2012-08-01,744,19,0.025537634408602152,0.03555213973490676,0.036954081664337654,2.6690044139575853
TX-K,2012-09-01,720,2,0.002777777777777778,0.020885930010421303,0.031891382980964056,1.7196421911341486
TX-K,2012-10-01,744,2,0.002688172043010753,0.020791923002230324,0.03314570992294914,1.7391820342778588
TX-K,2012-11-01,720,0,0.0,0.0197874893637079,0.031396607492053794,1.651831941833477
TX-K,2012-12-01,744,0,0.0,0.020077399204997914,0.031521471187222525,1.7430203092020478
TX-K,2013-01-01,744,0,0.0,0.020479366689291935,0.03210703618455194,1.7858043596893693
TX-K,2013-02-01,672,0,0.0,0.022337017307651048,0.033613783650347305,2.06527313903457
TX-K,2013-03-01,333,0,0.0,0.02920570836404942,0.046810058804146085,2.33905098694053
TX-K,2013-04-01,270,0,0.0,0.032621613144306276,0.05199548848712191,2.525755107614088
TX-K,2013-05-01,279,0,0.0,0.03570002843361892,0.05523783427241401,2.444625098437159
TX-K,2013-06-01,271,2,0.007380073800738007,0.04093398781325041,0.0526492450078654,2.9245909772625716
TX-K,2013-07-01,281,7,0.02491103202846975,0.058795482251447116,0.0839568850631822,4.475973311261589
TX-K,2013-08-01,283,18,0.0636042402826855,0.08439514149097573,0.30822352051233615,6.703752667473416
TX-K,2013-09-01,122,3,0.02459016393442623,0.06218874373152156,0.07240156095305537,5.312426209433694
TX-K,2013-11-01,161,4,0.024844720496894408,0.08530475633186897,0.1177143779270038,12.80827025555734
TX-K,2013-12-01,279,0,0.0,0.06191667441940175,0.08989633762018082,16.95403809079376
TX-K,2014-01-01,279,0,0.0,0.059407091491606036,0.0941782308610644,16.883083348751985
TX-K,2014-02-01,251,0,0.0,0.04464854293580598,0.0743814222578615,5.7480436088885725
TX-K,2014-03-01,279,0,0.0,0.04159442258992911,0.07233241670898508,3.8967507168860305
TX-K,2014-04-01,270,0,0.0,0.03932531770740668,0.07131637363931939,3.6704028029338103
TX-K,2014-05-01,279,0,0.0,0.04150148978128035,0.07541789776450253,3.8619423323121636
TX-K,2014-06-01,270,0,0.0,0.039759604293779414,0.0777515050226602,3.6324066490059135
TX-K,2014-07-01,279,0,0.0,0.04106958975865336,0.07330152717051959,3.6421393889562945
TX-K,2014-08-01,278,0,0.0,0.03661519818025968,0.0703289111575919,3.371273099017529
TX-K,2014-09-01,270,0,0.0,0.03737123905299782,0.08170356440492936,3.380729649026727
TX-K,2014-10-01,279,0,0.0,0.03843491479245909,0.07174638876883105,3.708098102894152
TX-K,2014-11-01,270,0,0.0,0.03867182668089167,0.06897211057996097,3.580494158203378
TX-K,2014-12-01,279,0,0.0,0.038418891458258685,0.07055642731692517,3.442449397993595
TX-K,2015-01-01,279,0,0.0,0.03686960190854426,0.06715242084286464,3.5211341262035396
TX-K,2015-02-01,252,0,0.0,0.03539905179185525,0.07238621240535044,3.1460516968186667
TX-K,2015-03-01,278,0,0.0,0.03770639798614607,0.07183062883933226,3.538345424058542
TX-K,2015-04-01,270,0,0.0,0.03839691322741988,0.0753288269646346,3.378101168288069
TX-K,2015-05-01,278,0,0.0,0.040565553846989615,0.0800090563948183,3.384900429186648
TX-K,2015-06-01,269,0,0.0,0.047054191096988336,0.08819090057217756,5.231157567024854
TX-K,2015-07-01,77,0,0.0,0.044272558889993874,0.07136598590952523,6.016774711578824
TX-L,2011-06-01,315,0,0.0,0.060260704687704614,0.07850881983009549,2.03213976077975
TX-L,2011-07-01,372,0,0.0,0.059620153286861564,0.07123160640861599,1.819387381839846
TX-L,2011-08-01,372,0,0.0,0.06687801451945874,0.08887787060375382,1.9702507487958867
TX-L,2011-09-01,85,5,0.058823529411764705,0.10155945637462986,0.27926463687155545,7.116411890221185
TX-L,2011-10-01,373,0,0.0,0.07148360978076679,0.10945721480114287,8.575752155204146
TX-L,2011-11-01,360,1,0.002777777777777778,0.06410058398260868,0.09397102221416538,2.0736431132332216
TX-L,2011-12-01,372,0,0.0,0.05818593601447607,0.07902374249617578,1.6464727177217346
TX-L,2012-01-01,372,0,0.0,0.05854317685611522,0.07913412218872887,1.6589308905771833
TX-L,2012-02-01,348,1,0.0028735632183908046,0.06125340015398998,0.08428110326747869,1.3684026031280054
TX-L,2012-03-01,208,2,0.009615384615384616,0.07806687319126585,0.1045408026507917,4.757602255104187
TX-L,2012-04-01,360,0,0.0,0.07628959100427024,0.12250729625676562,10.349736219416638
TX-L,2012-05-01,372,0,0.0,0.060209704964340124,0.08210841746497283,1.2969334428216899
TX-L,2012-06-01,360,0,0.0,0.06646065148278277,0.08755351859835224,1.2759060877426003
TX-L,2012-07-01,372,2,0.005376344086021506,0.07754599907497232,0.09159143941286178,1.5778092779774895
TX-L,2012-08-01,372,0,0.0,0.07639789064715759,0.09295708080562394,1.3889856696180327
TX-L,2012-09-01,360,0,0.0,0.07568224039570792,0.08859460454511256,1.2877654597097714
TX-L,2012-10-01,372,0,0.0,0.07824201132838518,0.09429887522877822,1.4066676360292352
TX-L,2012-11-01,360,0,0.0,0.08057258648596198,0.10160988114505128,1.2597990513980337
TX-L,2012-12-01,372,0,0.0,0.08573409112422488,0.11104737385548542,1.2770721868861474
TX-L,2013-01-01,372,0,0.0,0.08858310023884763,0.1152344442960741,1.3085937056074557
TX-L,2013-02-01,336,0,0.0,0.08605962472320436,0.11246064642632807,1.2827480311947699
TX-L,2013-03-01,290,0,0.0,0.09556244258284156,0.1264085249845474,1.341488248380077
TX-L,2013-04-01,239,0,0.0,0.09683256187839097,0.13230653929382105,1.439106532485933
TX-L,2013-05-01,294,3,0.01020408163265306,0.1299670006759181,0.16751639113825015,2.9366990883332202
TX-L,2013-06-01,271,3,0.01107011070110701,0.1368341770285173,0.18962824638045594,3.7519090872655054
TX-L,2013-07-01,280,0,0.0,0.11307266484667576,0.14238699477548855,2.720956270806101
TX-L,2013-08-01,279,0,0.0,0.11041931530414502,0.13162491894401412,2.7314169680250693
TX-L,2013-09-01,270,0,0.0,0.11645537837433226,0.13884862234104617,2.7560931533559714
TX-L,2013-10-01,278,0,0.0,0.11987534579612427,0.15655704597729336,2.708401141129836
TX-L,2013-11-01,270,0,0.0,0.11124926667872098,0.13565144588431308,2.2172801843638332
TX-L,2013-12-01,279,0,0.0,0.11246799097130054,0.13886647447389855,1.9459355513757766
TX-L,2014-01-01,279,0,0.0,0.11553420982594491,0.14322574964262538,1.8337091950348312
TX-L,2014-02-01,252,0,0.0,0.12007236005617339,0.15534777206446812,1.8422847657253867
TX-L,2014-03-01,278,0,0.0,0.11661994130284697,0.14875861051774308,1.8224157696094723
TX-L,2014-04-01,270,3,0.011111111111111112,0.1249173214767695,0.15335581219052336,2.4792269239127096
TX-L,2014-05-01,279,0,0.0,0.13261926858246875,0.17382814112136719,2.7213405175380982
TX-L,2014-06-01,271,0,0.0,0.14929038983863102,0.18478452285593894,3.6626934306757564
TX-L,2014-07-01,279,2,0.007168458781362007,0.1736101249193697,0.21100456617164856,5.180187107233793
TX-L,2014-08-01,281,0,0.0,0.18621872372331966,0.229451236113513,5.949757884699922
TX-L,2014-09-01,270,0,0.0,0.2125446743007051,0.2620660220701818,7.109857140508514
TX-L,2014-10-01,103,1,0.009708737864077669,0.22437710681829134,0.27637089616979393,7.956348554818451
TX-L,2014-12-01,331,7,0.021148036253776436,0.1305010152711333,0.18953972950656806,51.15231690015193
TX-L,2015-01-01,278,11,0.039568345323741004,0.17597325707407768,0.2779092057939029,89.7025343893989
TX-L,2015-02-01,252,0,0.0,0.13562672641160822,0.16287820062764968,119.73556531912847
TX-L,2015-03-01,279,0,0.0,0.1506298768339745,0.1750442484783253,133.82545571702755
TX-L,2015-04-01,237,0,0.0,0.16820996051441892,0.1905456046158339,138.53788266993897
TX-L,2015-05-01,279,0,0.0,0.17841077817188372,0.2043108687633506,136.86631871330067
TX-L,2015-06-01,270,0,0.0,0.19475035290048281,0.23264491708909932,141.88625913382455
TX-L,2015-07-01,78,1,0.01282051282051282,0.1974172041004623,0.23412257259068034,144.67561921089583
TX-M,2013-10-01,18,11,0.6111111111111112,0.2848831801086505,0.3595017450664061,5.128158649753516
TX-M,2013-11-01,271,80,0.2952029520295203,0.24931870479803678,0.324397404469705,4.069886656806614
TX-M,2013-12-01,279,4,0.014336917562724014,0.22427147326510505,0.27420434985272996,3.5468508053149836
TX-M,2014-01-01,279,1,0.0035842293906810036,0.2183070832923191,0.2629768888742895,3.37959580975569
TX-M,2014-02-01,252,7,0.027777777777777776,0.21851838663582945,0.2722993719438217,3.5394742311499225
TX-M,2014-03-01,279,1,0.0035842293906810036,0.21674407845780325,0.2642635792551205,3.667525806827657
TX-M,2014-04-01,270,0,0.0,0.211857974963502,0.25436474928398106,3.577421147890233
TX-M,2014-05-01,279,14,0.05017921146953405,0.22427706627483335,0.28507520526657143,3.5692565485817482
TX-M,2014-06-01,270,45,0.16666666666666666,0.24406876887253676,0.2986576347155226,3.4553741891377325
TX-M,2014-07-01,279,159,0.5698924731182796,0.2745440760164875,0.3455285132717548,3.5571213982822445
TX-M,2014-08-01,281,187,0.6654804270462633,0.29810272401382354,0.3632298540771228,3.6521290557282278
TX-M,2014-09-01,270,180,0.6666666666666666,0.3067465854284129,0.3804530319949808,3.630125770751303
TX-M,2014-10-01,279,186,0.6666666666666666,0.30121672027513724,0.36763732874483823,3.5149354731961386
TX-M,2014-11-01,252,168,0.6666666666666666,0.2836968420682767,0.3383106893471304,4.760947115845724
TX-M,2014-12-01,279,123,0.44086021505376344,0.2642362893751211,0.340555941612203,4.8044996409257426
TX-M,2015-01-01,279,44,0.15770609318996415,0.2377638952655781,0.3053038966550889,3.1796418435614098
TX-M,2015-02-01,252,50,0.1984126984126984,0.2351859985112729,0.3042547006749714,3.258871159563204
TX-M,2015-03-01,279,92,0.32974910394265233,0.24910307769463688,0.31793928422491186,3.411600512673833
TX-M,2015-04-01,270,119,0.44074074074074077,0.2678115258812962,0.34105532260871474,3.6032274524477836
TX-M,2015-05-01,279,182,0.6523297491039427,0.3194023670740903,0.41854888551234876,3.775160304502161
TX-M,2015-06-01,271,250,0.922509225092251,0.3976960707413446,0.49858517347354914,4.793222084418633
TX-M,2015-07-01,78,78,1.0,0.423386890497394,0.5280864552649293,5.670346629384467
