transformer_id,observations,coverage_days,first_observation,latest_observation,total_anomaly_count,total_anomaly_rate,anomaly_episodes,max_consecutive_anomalies,recent_observation_count,recent_anomaly_count,recent_anomaly_rate,recent_anomaly_intensity,latest_anomaly_timestamp,days_since_latest_anomaly,p95_anomaly_score,max_anomaly_score,p95_specific_baseline_score,p95_recent_specific_baseline_score,prior_mean_anomaly_score,recent_mean_anomaly_score,trend_delta,mean_missing_gases,missing_rate,mean_observed_gases,median_gap_hours,large_gap_rate,strongest_reason,anomaly_intensity_component,specific_baseline_component,specific_baseline_percentile,persistence_component,recency_component,trend_component,condition_indicator,condition_band,confidence,review_priority,reason_codes,engineering_review_suggestion,interpretation,priority_rank
TX-I,5754,709.6666666666666,2013-07-29 15:00:00,2015-07-09 07:00:00,1118,0.1942996176572819,632,47,1620,760,0.4691358024691358,0.341179302876933,2015-07-09 06:00:00,0.041666666666666664,0.3910423783816201,0.9476777390815924,15.186579166583702,6.265190262737761,0.20770317295571827,0.28021100538730737,0.07250783243158909,0.0,0.0,9.0,1.0,0.0006951685783802572,carbon_monoxide_ppm_delta,0.9230769230769231,0.5384615384615384,0.5384615384615384,1.0,0.9997685453082895,0.9969674178400365,90.72,HIGH REVIEW,High confidence,P1 — High Review Priority,Strong DGA deviation: carbon monoxide change; Persistent or repeated anomaly behaviour; Recent anomaly activity,"Review recent DGA history, compare with the transformer-specific baseline, verify sampling continuity, and consider qualified engineering inspection.","Analytical DGA screening indicator; not a diagnosis, failure probability, engineering standard, or autonomous maintenance decision.",1
TX-M,5545,617.0145833333333,2013-10-30 13:39:00,2015-07-09 14:00:00,1981,0.3572587917042381,1008,128,1621,795,0.4904380012338063,0.363482517110907,2015-07-09 14:00:00,0.0,0.39370626569929384,0.5527013324126647,7.729054889824613,6.917005775271584,0.2878974573600835,0.2936431882011685,0.005745730841085039,0.0,0.0,9.0,3.0,0.00018034265103697024,ethane_ppm_log1p,1.0,0.15384615384615385,0.15384615384615385,1.0,1.0,0.5393811388913328,80.4,HIGH REVIEW,High confidence,P1 — High Review Priority,Strong DGA deviation: ethane concentration; Persistent or repeated anomaly behaviour; Recent anomaly activity,"Review recent DGA history, compare with the transformer-specific baseline, verify sampling continuity, and consider qualified engineering inspection.","Analytical DGA screening indicator; not a diagnosis, failure probability, engineering standard, or autonomous maintenance decision.",1
TX-J,21390,1826.4583333333333,2010-07-09 00:00:00,2015-07-09 11:00:00,4376,0.2045815801776531,3983,38,3173,453,0.142767097384179,0.33406647826551694,2015-07-09 09:00:00,0.08333333333333333,0.3584468634161916,0.9909783096983004,358.7540065863864,1068.2544333630335,0.27428663092288014,0.2006726597828152,-0.07361397114006493,0.40271154745208043,0.40271154745208043,8.59728845254792,2.0,0.0003272557269752221,hydrogen_ppm_delta,0.8461538461538461,1.0,1.0,1.0,0.9995371441878533,0.0,80.38,HIGH REVIEW,Limited confidence,P2 — Review,Strong DGA deviation: hydrogen change; Persistent or repeated anomaly behaviour; Recent anomaly activity; Transformer-specific baseline deviation; Data-quality or sampling limitation,Review the recent DGA trend and transformer-specific history; verify data quality before changing inspection cadence.,"Analytical DGA screening indicator; not a diagnosis, failure probability, engineering standard, or autonomous maintenance decision.",2
TX-L,14501,1495.670138888889,2011-06-04 18:55:00,2015-07-09 11:00:00,42,0.002896351975725812,19,7,1587,7,0.004410838059231254,0.3324521771225561,2015-07-04 03:00:00,5.333333333333333,0.1954902640026107,0.9026384686595572,136.32471538667485,159.60471179185555,0.17905238530618917,0.1683272678256999,-0.010725117480489266,0.0,0.0,9.0,2.0,0.0005516860906144403,oxygen_ppm_roll_std_3,0.6923076923076923,0.9230769230769231,0.9230769230769231,1.0,0.08564127499331099,0.4264902319988857,62.73,REVIEW,High confidence,P2 — Review,Strong DGA deviation: oxygen variability; Persistent or repeated anomaly behaviour; Recent anomaly activity; Transformer-specific baseline deviation,Review the recent DGA trend and transformer-specific history; verify data quality before changing inspection cadence.,"Analytical DGA screening indicator; not a diagnosis, failure probability, engineering standard, or autonomous maintenance decision.",2
TX-F,18288,1826.2916666666667,2010-07-09 00:00:00,2015-07-09 07:00:00,1228,0.06714785651793526,477,435,1860,4,0.002150537634408602,0.301962360966467,2015-07-01 05:00:00,8.083333333333334,0.3051574024384275,0.9806544370428956,11.332341787623848,2.765640018674954,0.17264851225096228,0.17350647460900465,0.0008579623580423634,0.0,0.0,9.0,1.0,0.00010936132983377078,ethane_ppm_roll_std_3,0.7692307692307693,0.38461538461538464,0.38461538461538464,1.0,0.04112197867598495,0.5058804590260307,57.26,REVIEW,High confidence,P2 — Review,Strong DGA deviation: ethane variability; Persistent or repeated anomaly behaviour; Recent anomaly activity,Review the recent DGA trend and transformer-specific history; verify data quality before changing inspection cadence.,"Analytical DGA screening indicator; not a diagnosis, failure probability, engineering standard, or autonomous maintenance decision.",2
TX-D,9075,1833.3333333333333,2010-07-02 00:00:00,2015-07-09 08:00:00,178,0.019614325068870522,56,11,547,9,0.016453382084095063,0.6759061885555758,2015-05-14 00:00:00,56.333333333333336,0.14751032136438655,0.9999999999976816,20.56525982304327,10.900469204711294,0.10346179154986891,0.11378063288698248,0.010318841337113568,0.0,0.0,9.0,4.0,0.0009917355371900827,oxygen_ppm_delta,0.3076923076923077,0.7692307692307693,0.7692307692307693,1.0,0.24063959662174544,0.5707251584060898,54.14,REVIEW,High confidence,P2 — Review,Strong DGA deviation: oxygen change; Persistent or repeated anomaly behaviour; Recent anomaly activity; Transformer-specific baseline deviation,Review the recent DGA trend and transformer-specific history; verify data quality before changing inspection cadence.,"Analytical DGA screening indicator; not a diagnosis, failure probability, engineering standard, or autonomous maintenance decision.",2
TX-C,7936,1758.5319444444444,2010-09-14 17:14:00,2015-07-09 06:00:00,48,0.006048387096774193,15,5,547,9,0.016453382084095063,0.5795371310233278,2015-05-13 22:00:00,56.333333333333336,0.1208042422256742,0.956434292211458,29.28430383741545,32.596695571940316,0.11650493645113123,0.11800930474155703,0.0015043682904258004,0.0,0.0,9.0,4.0,0.0011340725806451614,oxygen_ppm_roll_std_3,0.23076923076923078,0.8461538461538461,0.8461538461538461,1.0,0.24063959662174544,0.5103109140033764,52.08,REVIEW,High confidence,P2 — Review,Strong DGA deviation: oxygen variability; Persistent or repeated anomaly behaviour; Recent anomaly activity; Transformer-specific baseline deviation,Review the recent DGA trend and transformer-specific history; verify data quality before changing inspection cadence.,"Analytical DGA screening indicator; not a diagnosis, failure probability, engineering standard, or autonomous maintenance decision.",2
TX-A,3021,335.98055555555555,2014-08-07 13:28:00,2015-07-09 13:00:00,6,0.0019860973187686196,3,3,1620,3,0.001851851851851852,0.4221684679076662,2015-04-02 20:00:00,97.70833333333333,0.1817151334050802,0.5530277247335236,6.673137032308099,6.76002595642072,0.07030773215191494,0.12442572239004257,0.05411799023812763,0.0,0.0,9.0,1.0,0.00033101621979476995,carbon_dioxide_ppm_log1p,0.6153846153846154,0.07692307692307693,0.07692307692307693,0.8799999999999999,0.021522401843715153,0.8709237604462914,50.71,REVIEW,Moderate confidence,P2 — Review,Strong DGA deviation: carbon dioxide concentration; Persistent or repeated anomaly behaviour; Recent anomaly activity,Review the recent DGA trend and transformer-specific history; verify data quality before changing inspection cadence.,"Analytical DGA screening indicator; not a diagnosis, failure probability, engineering standard, or autonomous maintenance decision.",2
TX-H,23788,1826.125,2010-07-09 03:00:00,2015-07-09 06:00:00,187,0.007861106440221961,119,5,1620,0,0.0,0.0,2012-09-14 11:00:00,1027.7916666666667,0.1539998551466294,0.7889785973424903,15.727367686662747,18.671005521008112,0.09704002738988547,0.10098572463792996,0.003945697248044486,0.0,0.0,9.0,1.0,4.203800235412813e-05,ethane_ppm_log1p,0.38461538461538464,0.6153846153846154,0.6153846153846154,1.0,0.0,0.5270437400647618,48.67,MONITOR,High confidence,P3 — Monitor,Strong DGA deviation: ethane concentration; Persistent or repeated anomaly behaviour,"Continue monitoring, review repeated deviations, and confirm that sampling continuity supports interpretation.","Analytical DGA screening indicator; not a diagnosis, failure probability, engineering standard, or autonomous maintenance decision.",3
TX-E,23934,1826.2083333333333,2010-07-09 03:00:00,2015-07-09 08:00:00,114,0.004763098520932565,41,26,1621,0,0.0,0.0,2014-12-25 10:00:00,195.91666666666666,0.17308900981708564,0.9194284175927508,8.614314637891324,14.222224373822678,0.09907933396135775,0.09764920860370811,-0.0014301253576496364,0.0,0.0,9.0,1.0,0.00020890782986546336,hydrogen_ppm_log1p,0.5,0.2692307692307692,0.2692307692307692,1.0,0.0,0.49019794576193865,46.39,MONITOR,High confidence,P3 — Monitor,Strong DGA deviation: hydrogen concentration; Persistent or repeated anomaly behaviour,"Continue monitoring, review repeated deviations, and confirm that sampling continuity supports interpretation.","Analytical DGA screening indicator; not a diagnosis, failure probability, engineering standard, or autonomous maintenance decision.",3
TX-G,23934,1826.2083333333333,2010-07-09 03:00:00,2015-07-09 08:00:00,114,0.004763098520932565,41,26,1621,0,0.0,0.0,2014-12-25 10:00:00,195.91666666666666,0.17308900981708564,0.9194284175927508,8.614314637891324,14.222224373822678,0.09907933396135775,0.09764920860370811,-0.0014301253576496364,0.0,0.0,9.0,1.0,0.00020890782986546336,hydrogen_ppm_log1p,0.5,0.2692307692307692,0.2692307692307692,1.0,0.0,0.49019794576193865,46.39,MONITOR,High confidence,P3 — Monitor,Strong DGA deviation: hydrogen concentration; Persistent or repeated anomaly behaviour,"Continue monitoring, review repeated deviations, and confirm that sampling continuity supports interpretation.","Analytical DGA screening indicator; not a diagnosis, failure probability, engineering standard, or autonomous maintenance decision.",3
TX-B,17540,1588.25,2011-01-10 19:00:00,2015-05-18 01:00:00,303,0.01727480045610034,160,7,1620,0,0.0,0.0,2012-05-31 06:00:00,1081.7916666666667,0.08493178951549314,0.6993567404889965,19.09709302611506,9.470249949753843,0.04462166972680371,0.04256815799817743,-0.0020535117286262783,0.0,0.0,9.0,1.0,0.00022805017103762827,oxygen_ppm_log1p,0.15384615384615385,0.6923076923076923,0.6923076923076923,1.0,0.0,0.48592526645666184,42.29,MONITOR,High confidence,P3 — Monitor,Strong DGA deviation: oxygen concentration; Persistent or repeated anomaly behaviour,"Continue monitoring, review repeated deviations, and confirm that sampling continuity supports interpretation.","Analytical DGA screening indicator; not a diagnosis, failure probability, engineering standard, or autonomous maintenance decision.",3
TX-K,28508,1745.5833333333333,2010-09-27 20:00:00,2015-07-09 10:00:00,466,0.01634628876104953,173,101,1619,0,0.0,0.0,2013-11-14 09:00:00,602.0416666666666,0.07894599454671546,0.8297743388945645,15.089928216118166,7.764060765730754,0.03808015007695832,0.03967239893165539,0.0015922488546970676,0.0,0.0,9.0,1.0,3.507787287778869e-05,water_ppm_roll_std_3,0.07692307692307693,0.46153846153846156,0.46153846153846156,1.0,0.0,0.5109132458569099,36.89,MONITOR,High confidence,P3 — Monitor,Strong DGA deviation: water variability; Persistent or repeated anomaly behaviour,"Continue monitoring, review repeated deviations, and confirm that sampling continuity supports interpretation.","Analytical DGA screening indicator; not a diagnosis, failure probability, engineering standard, or autonomous maintenance decision.",3
