reason_code,top5_count,share_of_top5
ethane_ppm_roll_std_3,1441,0.14181675031985042
hydrogen_ppm_delta,1234,0.1214447396909753
ethylene_ppm_delta,971,0.09556146048617262
ethane_ppm_log1p,850,0.0836531837417577
oxygen_ppm_roll_std_3,636,0.06259226454089165
carbon_monoxide_ppm_delta,601,0.05914772168093692
carbon_monoxide_ppm_log1p,573,0.056392087392973134
oxygen_ppm_log1p,542,0.053341206574156086
ethylene_ppm_roll_std_3,495,0.048715677590788306
water_ppm_roll_std_3,461,0.045369550241118
oxygen_ppm_delta,384,0.0377915559492176
carbon_dioxide_ppm_roll_std_3,366,0.03602007676409802
methane_ppm_log1p,291,0.02863891349276646
carbon_dioxide_ppm_log1p,253,0.024899124101958468
acetylene_ppm_roll_std_3,202,0.019879933077453008
hydrogen_ppm_log1p,183,0.01801003838204901
acetylene_ppm_delta,173,0.017025883279204804
acetylene_ppm_log1p,117,0.011514614703277236
water_ppm_delta,80,0.007873240822753666
hydrogen_ppm_roll_std_3,73,0.00718433225076272
methane_ppm_roll_std_3,63,0.006200177147918512
methane_ppm_delta,63,0.006200177147918512
carbon_monoxide_ppm_roll_std_3,28,0.002755634287963783
water_ppm_log1p,28,0.002755634287963783
carbon_dioxide_ppm_delta,27,0.002657218777679362
ethane_ppm_delta,23,0.002263556736541679
ethylene_ppm_log1p,3,0.0002952465308532625
