transformer_id,observations,mean_anomaly_score,p95_anomaly_score,top5_proxy_rate,max_anomaly_score,strongest_reason
TX-M,5545,0.26458947049557385,0.39370626569929384,0.3572587917042381,0.5527013324126647,ethane_ppm_log1p
TX-I,5754,0.2153690137153792,0.39104237838162015,0.1942996176572819,0.9476777390815924,carbon_monoxide_ppm_delta
TX-J,21390,0.19298208581625434,0.35844686341619164,0.2045815801776531,0.9909783096983003,oxygen_ppm_roll_std_3
TX-F,18288,0.14974097365897687,0.30515740243842754,0.06714785651793526,0.9806544370428957,ethane_ppm_roll_std_3
TX-L,14501,0.10645257759789138,0.19549026400261071,0.002896351975725812,0.9026384686595572,hydrogen_ppm_delta
TX-A,3021,0.09932830288536972,0.18171513340508025,0.0019860973187686196,0.5530277247335236,carbon_monoxide_ppm_log1p
TX-G,23934,0.10932881524822774,0.1730890098170857,0.004763098520932565,0.9194284175927508,oxygen_ppm_roll_std_3
TX-E,23934,0.10932881524822774,0.1730890098170857,0.004763098520932565,0.9194284175927508,oxygen_ppm_roll_std_3
TX-H,23788,0.09200643716487943,0.15399985514662942,0.007861106440221961,0.7889785973424903,carbon_monoxide_ppm_delta
TX-D,9075,0.10254499918584883,0.14751032136438658,0.019614325068870522,0.9999999999976816,oxygen_ppm_log1p
TX-C,7936,0.07399053705554755,0.12080424222567428,0.006048387096774193,0.956434292211458,oxygen_ppm_log1p
TX-B,17540,0.05761887316317413,0.08493178951549323,0.01727480045610034,0.6993567404889965,oxygen_ppm_log1p
TX-K,28508,0.03390397861864047,0.07894599454671548,0.01634628876104953,0.8297743388945645,ethylene_ppm_log1p
