month,observations,mean_anomaly_score,top5_proxy_rate,max_anomaly_score
2010-07-01,2101,0.15744929510079247,0.09900047596382675,0.987464381127148
2010-08-01,2232,0.1355362784206838,0.09274193548387097,0.981948148376495
2010-09-01,2159,0.11898167359263848,0.07735062528948587,0.4650042218063751
2010-10-01,2981,0.09531253269685992,0.05803421670580342,0.3701484174292659
2010-11-01,2562,0.08120374907559717,0.00858704137392662,0.7389069383132263
2010-12-01,2860,0.10841718620932164,0.043006993006993004,0.8149494373318161
2011-01-01,3363,0.13526579422237806,0.09901873327386262,0.7589970294984937
2011-02-01,3227,0.08003762468614668,0.0,0.2634077889812358
2011-03-01,3528,0.07265193526686914,0.0002834467120181406,0.649164843656829
2011-04-01,3881,0.07253534700858201,0.000515331100231899,0.7463369318759316
2011-05-01,4099,0.07150967331132228,0.0009758477677482313,0.7291055471362595
2011-06-01,4192,0.08118667968567664,0.015982824427480915,0.7815085751908213
2011-07-01,4138,0.09343365130691314,0.03552440792653456,0.7355977160564258
2011-08-01,4279,0.08765034866710272,0.02687543818649217,0.7243258314831039
2011-09-01,3861,0.07278458338226648,0.00518000518000518,0.7303748370687926
2011-10-01,4288,0.07705910774046408,0.03521455223880597,0.6780323602260737
2011-11-01,3979,0.0719297807153426,0.032168886654938424,0.9216399882007716
2011-12-01,3905,0.0617221321298058,0.0005121638924455825,0.7368524626563662
2012-01-01,3813,0.06682376717550154,0.0026226068712300026,0.9243222980786716
2012-02-01,3941,0.11815573054406607,0.07054047196143111,0.9806544370428957
2012-03-01,3802,0.11974501804334052,0.12335612835349816,0.8041794679916262
2012-04-01,3958,0.10308785654244951,0.06998484082870136,0.7057730524692324
2012-05-01,4367,0.09917556974724226,0.0490038928326082,0.5696765438886382
2012-06-01,4254,0.10911866465193996,0.022096850023507288,0.7358762968240333
2012-07-01,4284,0.10840936263234867,0.025210084033613446,0.7576635550419046
2012-08-01,4258,0.10321255297375767,0.020197275716298733,0.7874133736944107
2012-09-01,4142,0.09249884057753562,0.01931434089811685,0.7889785973424903
2012-10-01,4290,0.08841044377281172,0.008391608391608392,0.7169844187195374
2012-11-01,4073,0.08608180831579915,0.017922906948195434,0.36854969277701666
2012-12-01,4487,0.08359298817149194,0.009806106529975486,0.33040190075252296
2013-01-01,4492,0.08468318930910027,0.020035618878005344,0.6189446334442589
2013-02-01,3873,0.10256007341390325,0.0560289181513039,0.6723165005259375
2013-03-01,2564,0.10804814981240735,0.041341653666146644,0.7691784459417466
2013-04-01,2367,0.11076574139253864,0.0452049007182087,0.5658162535860382
2013-05-01,2490,0.10330424299225091,0.04096385542168675,0.8281728534987792
2013-06-01,2368,0.10717124770260648,0.04054054054054054,0.8609697943375173
2013-07-01,2447,0.11379731004194157,0.052308949734368615,0.8977321880930339
2013-08-01,2697,0.14112804885451463,0.1353355580274379,0.8275971302767715
2013-09-01,2194,0.11009903974995519,0.04512306289881495,0.9309008774168889
2013-10-01,2249,0.12324692085540742,0.06002667852378835,0.956434292211458
2013-11-01,2781,0.13126869957726212,0.0643653362099964,0.9511020793760803
2013-12-01,3009,0.12169001331216306,0.0322366234629445,0.3925195338848809
2014-01-01,2989,0.12514440384135803,0.035797925727668115,0.9393887234382484
2014-02-01,2687,0.12028227572377753,0.03386676590993673,0.49889880476832665
2014-03-01,2975,0.1226209567788404,0.03159663865546219,0.39810611914816213
2014-04-01,2842,0.1288715880943632,0.03553835327234342,0.9141617474333013
2014-05-01,2976,0.13100482563583796,0.036290322580645164,0.4067865090508541
2014-06-01,2881,0.14067427066992516,0.07393266227004512,0.7733143087874117
2014-07-01,2984,0.14930643687194983,0.11595174262734584,0.9267560157425401
2014-08-01,2525,0.15392996861021555,0.12396039603960396,0.9553418640371046
2014-09-01,2886,0.16368275670562404,0.11815661815661815,0.9511803878527096
2014-10-01,3130,0.13233891679792725,0.07412140575079872,0.9909783096983003
2014-11-01,4154,0.12462832260701123,0.08425613866153106,0.9579821723957012
2014-12-01,4085,0.13496813692946108,0.08812729498164015,0.8085062038932688
2015-01-01,3524,0.14330914095306196,0.094211123723042,0.7687438909193359
2015-02-01,3196,0.1425057881331548,0.10450563204005006,0.9004803649036089
2015-03-01,3533,0.13989907710514626,0.06878007359184829,0.5391214806338381
2015-04-01,3385,0.14722385797373982,0.07178729689807976,0.5530277247335236
2015-05-01,3654,0.15749776640744267,0.08565955117679255,0.9999999999976816
2015-06-01,3082,0.17607736303642027,0.1619078520441272,0.6312171981780638
2015-07-01,891,0.1814273293608457,0.2031425364758698,0.5438471737158675
