gas,measurements,transformers,mean_ppm,median_ppm,p95_ppm,missing_not_applicable
Acetylene,214337,13,0.38797221198393184,0.3,1.4,0
Carbon Dioxide,214337,13,1388.6995059182502,1303.0,2863.0,0
Carbon Monoxide,214337,13,197.37482189262704,191.4,393.0,0
Ethane,214337,13,103.40911415201296,35.8,421.8,0
Ethylene,214337,13,9.299786317807937,7.3,23.7,0
Hydrogen,214337,13,33.08638825774365,19.4,118.6,0
Methane,214337,13,35.28984822965704,31.6,94.9,0
Oxygen,205721,13,2014.8815230336234,611.3,11898.3,0
Water,214337,13,4.429075241325576,3.6,9.0,0
