transformer_id,measurements,gases,phases,date_start,date_end
TX-A,27189,9,3,2014-08-07 13:28:00,2015-07-09 13:00:00
TX-B,217638,9,3,2011-01-10 19:00:00,2015-05-18 01:00:00
TX-C,71424,9,1,2010-09-14 17:14:00,2015-07-09 06:00:00
TX-D,81675,9,1,2010-07-02 00:00:00,2015-07-09 08:00:00
TX-E,215424,9,3,2010-07-09 03:00:00,2015-07-09 08:00:00
TX-F,164610,9,3,2010-07-09 00:00:00,2015-07-09 07:00:00
TX-G,215424,9,3,2010-07-09 03:00:00,2015-07-09 08:00:00
TX-H,214110,9,3,2010-07-09 03:00:00,2015-07-09 06:00:00
TX-I,51786,9,3,2013-07-29 15:00:00,2015-07-09 07:00:00
TX-J,224124,9,3,2010-07-09 00:00:00,2015-07-09 11:00:00
TX-K,256599,9,3,2010-09-27 20:00:00,2015-07-09 10:00:00
TX-L,130509,9,3,2011-06-04 18:55:00,2015-07-09 11:00:00
TX-M,49905,9,3,2013-10-30 13:39:00,2015-07-09 14:00:00
