asset_id,timestamp,feature,contribution,direction
TX-006,2025-01-19 23:00:00+00:00,voltage_kv,-0.9282844734774124,reduces risk
TX-006,2025-01-19 23:00:00+00:00,voltage_dev_kv,0.9237413175321169,raises risk
TX-006,2025-01-19 23:00:00+00:00,oil_temp_c_roll_mean_12h,-0.8347744655853279,reduces risk
TX-006,2025-01-19 23:00:00+00:00,oil_temp_c_roll_max_12h,0.22555977639691902,raises risk
TX-006,2025-01-19 23:00:00+00:00,load_pct_roll_std_6h,-0.20837448628907287,reduces risk
TX-010,2025-01-19 23:00:00+00:00,voltage_dev_kv,-1.8385214014689075,reduces risk
TX-010,2025-01-19 23:00:00+00:00,voltage_kv,1.5596089447702188,raises risk
TX-010,2025-01-19 23:00:00+00:00,oil_temp_c_roll_mean_12h,-0.47336208420967585,reduces risk
TX-010,2025-01-19 23:00:00+00:00,transformer_age_years,0.3686127918111254,raises risk
TX-010,2025-01-19 23:00:00+00:00,maintenance_age_days,0.3224822188587067,raises risk
TX-009,2025-01-19 23:00:00+00:00,voltage_kv,3.2978772001104986,raises risk
TX-009,2025-01-19 23:00:00+00:00,voltage_dev_kv,-3.1523513609099116,reduces risk
TX-009,2025-01-19 23:00:00+00:00,oil_temp_c_roll_mean_12h,-0.6534013445426904,reduces risk
TX-009,2025-01-19 23:00:00+00:00,transformer_age_years,0.2632948512936611,raises risk
TX-009,2025-01-19 23:00:00+00:00,maintenance_age_days,0.23162240851023858,raises risk
TX-008,2025-01-19 23:00:00+00:00,voltage_kv,1.4354331481841707,raises risk
TX-008,2025-01-19 23:00:00+00:00,voltage_dev_kv,-1.4167881887461664,reduces risk
TX-008,2025-01-19 23:00:00+00:00,oil_temp_c_roll_mean_12h,-0.6016585184649018,reduces risk
TX-008,2025-01-19 23:00:00+00:00,load_pct_roll_std_6h,-0.24996517396422674,reduces risk
TX-008,2025-01-19 23:00:00+00:00,oil_temp_c_roll_max_12h,0.1793480234232471,raises risk
TX-007,2025-01-19 23:00:00+00:00,oil_temp_c_roll_mean_12h,-0.7511166846601683,reduces risk
TX-007,2025-01-19 23:00:00+00:00,voltage_dev_kv,0.3682458973910113,raises risk
TX-007,2025-01-19 23:00:00+00:00,load_pct_roll_std_6h,-0.2502819611871124,reduces risk
TX-007,2025-01-19 23:00:00+00:00,voltage_kv,-0.19888295099656494,reduces risk
TX-007,2025-01-19 23:00:00+00:00,oil_temp_c_roll_max_12h,0.17821792819543308,raises risk
TX-005,2025-01-19 23:00:00+00:00,voltage_kv,-1.599172283857159,reduces risk
TX-005,2025-01-19 23:00:00+00:00,voltage_dev_kv,1.522252961150634,raises risk
TX-005,2025-01-19 23:00:00+00:00,oil_temp_c_roll_mean_12h,-0.9288857151579551,reduces risk
TX-005,2025-01-19 23:00:00+00:00,oil_temp_c_roll_max_12h,0.3858610224568635,raises risk
TX-005,2025-01-19 23:00:00+00:00,oil_temp_c_lag_1,0.36443706516738644,raises risk
TX-004,2025-01-19 23:00:00+00:00,oil_temp_c_roll_mean_12h,-0.8878062034589116,reduces risk
TX-004,2025-01-19 23:00:00+00:00,oil_temp_c_lag_1,0.38442006765236425,raises risk
TX-004,2025-01-19 23:00:00+00:00,oil_temp_c_roll_max_12h,0.3696963661114591,raises risk
TX-004,2025-01-19 23:00:00+00:00,transformer_age_years,-0.2632948512936611,reduces risk
TX-004,2025-01-19 23:00:00+00:00,oil_temp_c_rate_1h,-0.24112218865206886,reduces risk
TX-003,2025-01-19 23:00:00+00:00,voltage_dev_kv,1.2714695565475151,raises risk
TX-003,2025-01-19 23:00:00+00:00,voltage_kv,-1.1434323434052653,reduces risk
TX-003,2025-01-19 23:00:00+00:00,oil_temp_c_roll_mean_12h,-0.9780210513907213,reduces risk
TX-003,2025-01-19 23:00:00+00:00,oil_temp_c_roll_max_12h,0.42065963712707305,raises risk
TX-003,2025-01-19 23:00:00+00:00,oil_temp_c_lag_1,0.4187869199615103,raises risk
TX-002,2025-01-19 23:00:00+00:00,voltage_kv,6.848250252430533,raises risk
TX-002,2025-01-19 23:00:00+00:00,voltage_dev_kv,-6.39348663081493,reduces risk
TX-002,2025-01-19 23:00:00+00:00,oil_temp_c_roll_mean_12h,-0.8357601550777695,reduces risk
TX-002,2025-01-19 23:00:00+00:00,transformer_age_years,-0.47393073232859,reduces risk
TX-002,2025-01-19 23:00:00+00:00,maintenance_age_days,-0.4043962639290386,reduces risk
TX-001,2025-01-19 23:00:00+00:00,voltage_dev_kv,1.6197949391289965,raises risk
TX-001,2025-01-19 23:00:00+00:00,voltage_kv,-1.4490369731696449,reduces risk
TX-001,2025-01-19 23:00:00+00:00,oil_temp_c_roll_mean_12h,-0.758268308860034,reduces risk
TX-001,2025-01-19 23:00:00+00:00,transformer_age_years,-0.5792486728460544,reduces risk
TX-001,2025-01-19 23:00:00+00:00,oil_temp_c_lag_1,0.5048583048278147,raises risk
TX-011,2025-01-19 23:00:00+00:00,voltage_dev_kv,-0.49901705337152236,reduces risk
TX-011,2025-01-19 23:00:00+00:00,transformer_age_years,0.4739307323285899,raises risk
TX-011,2025-01-19 23:00:00+00:00,voltage_kv,0.4377003521326873,raises risk
TX-011,2025-01-19 23:00:00+00:00,oil_temp_c_roll_mean_12h,-0.42166662426284834,reduces risk
TX-011,2025-01-19 23:00:00+00:00,maintenance_age_days,0.41334202920717494,raises risk
TX-012,2025-01-19 23:00:00+00:00,voltage_kv,-0.7780577314731586,reduces risk
TX-012,2025-01-19 23:00:00+00:00,transformer_age_years,0.5792486728460544,raises risk
TX-012,2025-01-19 23:00:00+00:00,maintenance_age_days,0.5042018395556431,raises risk
TX-012,2025-01-19 23:00:00+00:00,voltage_dev_kv,0.4748352286136821,raises risk
TX-012,2025-01-19 23:00:00+00:00,oil_temp_c_roll_mean_12h,-0.3869020797528697,reduces risk
