feature,random_forest_importance,permutation_importance_pr_auc_mean,permutation_importance_pr_auc_std,rank
maintenance_age_days,0.2657002802216993,0.053674956247016084,0.0077260090847269605,1
transformer_age_years,0.1033004547210692,-0.05827854050032819,0.010923056866417823,2
oil_temp_c_roll_max_12h,0.07684863994067102,0.018945347242969146,0.0010589328031290312,3
load_pct_roll_std_6h,0.045870272479059726,0.0016654814378377347,0.0029716755862269563,4
oil_temp_c_roll_mean_12h,0.03964785966883735,0.0017854876282796584,0.0019349969202927192,5
load_pct_roll_mean_6h,0.03676160423140032,-0.005221760975104184,0.00197831753142696,6
frequency_hz,0.03017915870234781,0.0004400600993653914,0.000507293056509765,7
load_temp_ratio,0.03010659450884956,-0.000865670897774895,0.0008890120306315739,8
ambient_temp_c,0.0293803053529575,-0.000570946659623317,0.0015091828785742027,9
current_a,0.02936498611435414,-0.0023539360725651102,0.0011702904806554103,10
voltage_kv,0.02891554359602127,-0.00017096254460620132,0.00042798761896166074,11
power_factor,0.02868722144524153,0.0026463016051178957,0.0007437651903868109,12
voltage_dev_kv,0.027554020357155623,0.0009241120255436552,0.0009711160863047451,13
load_pct_lag_1,0.02755100355037596,-0.0045510352838913585,0.0017173028538539795,14
oil_temp_c,0.027037769148539552,-0.0005068334247937178,0.001672809234907547,15
winding_temp_c,0.02605795705203977,-0.0017867697079266387,0.0021374793431682333,16
oil_temp_c_lag_1,0.025576553540093076,-0.003415264040461219,0.0009641608929375025,17
oil_temp_c_delta_3h,0.0254361232784998,-0.00016405174493054896,0.0008964400830560123,18
load_pct,0.025126107798378303,0.0005641878496621233,0.0007496732720911037,19
load_pct_delta_1h,0.023876299534976702,-0.0005901326741866164,0.0010519379611019619,20
overload_count_12h,0.02370675472386705,0.013079185025666185,0.0016563885026447673,21
oil_temp_c_rate_1h,0.022905412533311863,-0.00049923143643682,0.0005883497852928079,22
oil_temp_c_missing,0.0002563360130630771,-3.5523121332414756e-05,3.534923622773934e-05,23
load_pct_missing,0.00015274148719050356,-3.5871987752589264e-05,3.548771138150864e-05,24
power_factor_missing,0.0,0.0,0.0,25
