asset_id,timestamp,risk_probability,risk_band,health_score,health_band,inspection_priority,risk_component,thermal_component,loading_component,data_quality_component,missing_signal_count,load_pct,oil_temp_c,winding_temp_c,overload_count_12h
TX-010,2025-01-19 23:00:00+00:00,0.7292498642024394,Elevated,59.9,Watch,P1,27.075013579756057,100.0,100.0,100,0,69.38800460512894,61.147565284067696,70.56778253492242,0.0
TX-011,2025-01-19 23:00:00+00:00,0.6367066236215916,Moderate,65.0,Watch,P2,36.329337637840844,100.0,100.0,100,0,75.55603780623245,61.65888029597867,71.32205882117701,0.0
TX-008,2025-01-19 23:00:00+00:00,0.5873350163736906,Moderate,67.7,Watch,P3,41.26649836263094,100.0,100.0,100,0,71.82618048393248,60.663225075808505,72.75798786372305,0.0
TX-009,2025-01-19 23:00:00+00:00,0.5734510619825606,Moderate,68.5,Watch,P4,42.654893801743945,100.0,100.0,100,0,70.21385305486712,59.86685582030997,71.03715392188772,0.0
TX-007,2025-01-19 23:00:00+00:00,0.556912487155649,Moderate,69.4,Watch,P5,44.3087512844351,100.0,100.0,100,0,64.5007733208427,57.16355918992302,67.43350167204392,0.0
TX-002,2025-01-19 23:00:00+00:00,0.45592675715750364,Moderate,74.9,Watch,P6,54.40732428424964,100.0,100.0,100,0,61.067680828210456,55.03037329739014,63.041938125504544,0.0
TX-012,2025-01-19 23:00:00+00:00,0.4553934094181611,Moderate,75.0,Healthy,P7,54.46065905818389,100.0,100.0,100,0,72.72645151242462,59.69252387346226,69.64224106022623,0.0
TX-005,2025-01-19 23:00:00+00:00,0.4483156189274268,Moderate,75.3,Healthy,P8,55.16843810725732,100.0,100.0,100,0,63.97165189480183,54.01700103002491,61.51851565074834,0.0
TX-006,2025-01-19 23:00:00+00:00,0.43852132797978716,Moderate,75.9,Healthy,P9,56.14786720202128,100.0,100.0,100,0,71.67101129916725,59.54920618120317,70.12023043087578,0.0
TX-003,2025-01-19 23:00:00+00:00,0.41857745280728087,Moderate,77.0,Healthy,P10,58.14225471927191,100.0,100.0,100,0,54.94766167352566,52.30634803863956,60.75102957703948,0.0
TX-001,2025-01-19 23:00:00+00:00,0.38995378836442623,Moderate,78.6,Healthy,P11,61.00462116355738,100.0,100.0,100,0,52.9234530480145,54.01144485282919,62.67380086254234,0.0
TX-004,2025-01-19 23:00:00+00:00,0.3733446526234532,Moderate,79.5,Healthy,P12,62.66553473765468,100.0,100.0,100,0,60.946940531512894,56.07452984859452,64.11599838631889,0.0
